Municipio_UF,Mes,QuantidadeFocos
ABAETETUBA - PA,1,1
ABAETETUBA - PA,4,1
ABAETETUBA - PA,5,1
ABAETETUBA - PA,6,14
ABAETETUBA - PA,7,63
ABAETETUBA - PA,8,69
ABAETETUBA - PA,9,60
ABAETETUBA - PA,10,64
ABAETETUBA - PA,11,107
ABAETETUBA - PA,12,27
ABEL FIGUEIREDO - PA,1,4
ABEL FIGUEIREDO - PA,2,1
ABEL FIGUEIREDO - PA,4,2
ABEL FIGUEIREDO - PA,6,2
ABEL FIGUEIREDO - PA,7,17
ABEL FIGUEIREDO - PA,8,15
ABEL FIGUEIREDO - PA,9,47
ABEL FIGUEIREDO - PA,10,45
ABEL FIGUEIREDO - PA,11,51
ABEL FIGUEIREDO - PA,12,12
ABREULÂNDIA - TO,1,1
ABREULÂNDIA - TO,2,1
ABREULÂNDIA - TO,3,9
ABREULÂNDIA - TO,4,2
ABREULÂNDIA - TO,5,43
ABREULÂNDIA - TO,6,54
ABREULÂNDIA - TO,7,47
ABREULÂNDIA - TO,8,68
ABREULÂNDIA - TO,9,84
ABREULÂNDIA - TO,10,40
ABREULÂNDIA - TO,11,18
ABREULÂNDIA - TO,12,7
ACARÁ - PA,1,6
ACARÁ - PA,2,2
ACARÁ - PA,4,1
ACARÁ - PA,5,5
ACARÁ - PA,6,53
ACARÁ - PA,7,303
ACARÁ - PA,8,309
ACARÁ - PA,9,380
ACARÁ - PA,10,894
ACARÁ - PA,11,828
ACARÁ - PA,12,221
ACORIZAL - MT,1,1
ACORIZAL - MT,5,2
ACORIZAL - MT,6,2
ACORIZAL - MT,7,5
ACORIZAL - MT,8,25
ACORIZAL - MT,9,81
ACORIZAL - MT,10,1
ACORIZAL - MT,11,3
ACRELÂNDIA - AC,3,1
ACRELÂNDIA - AC,5,1
ACRELÂNDIA - AC,6,10
ACRELÂNDIA - AC,7,94
ACRELÂNDIA - AC,8,170
ACRELÂNDIA - AC,9,321
ACRELÂNDIA - AC,10,145
ACRELÂNDIA - AC,11,29
AFUÁ - PA,3,2
AFUÁ - PA,7,3
AFUÁ - PA,9,2
AFUÁ - PA,10,7
AFUÁ - PA,11,56
AFUÁ - PA,12,3
AGUIARNÓPOLIS - TO,1,2
AGUIARNÓPOLIS - TO,2,1
AGUIARNÓPOLIS - TO,5,4
AGUIARNÓPOLIS - TO,6,1
AGUIARNÓPOLIS - TO,7,2
AGUIARNÓPOLIS - TO,8,6
AGUIARNÓPOLIS - TO,9,8
AGUIARNÓPOLIS - TO,10,10
AGUIARNÓPOLIS - TO,11,17
AGUIARNÓPOLIS - TO,12,1
ALCÂNTARA - MA,1,5
ALCÂNTARA - MA,7,9
ALCÂNTARA - MA,8,31
ALCÂNTARA - MA,9,30
ALCÂNTARA - MA,10,2
ALCÂNTARA - MA,11,56
ALCÂNTARA - MA,12,59
ALENQUER - PA,1,56
ALENQUER - PA,2,16
ALENQUER - PA,3,6
ALENQUER - PA,4,6
ALENQUER - PA,5,8
ALENQUER - PA,6,20
ALENQUER - PA,7,85
ALENQUER - PA,8,192
ALENQUER - PA,9,399
ALENQUER - PA,10,697
ALENQUER - PA,11,560
ALENQUER - PA,12,371
ALIANÇA DO TOCANTINS - TO,1,1
ALIANÇA DO TOCANTINS - TO,2,5
ALIANÇA DO TOCANTINS - TO,3,3
ALIANÇA DO TOCANTINS - TO,4,5
ALIANÇA DO TOCANTINS - TO,5,20
ALIANÇA DO TOCANTINS - TO,6,23
ALIANÇA DO TOCANTINS - TO,7,24
ALIANÇA DO TOCANTINS - TO,8,14
ALIANÇA DO TOCANTINS - TO,9,24
ALIANÇA DO TOCANTINS - TO,10,16
ALIANÇA DO TOCANTINS - TO,11,21
ALIANÇA DO TOCANTINS - TO,12,3
ALMAS - TO,1,6
ALMAS - TO,2,5
ALMAS - TO,3,11
ALMAS - TO,4,9
ALMAS - TO,5,87
ALMAS - TO,6,164
ALMAS - TO,7,134
ALMAS - TO,8,268
ALMAS - TO,9,346
ALMAS - TO,10,166
ALMAS - TO,11,22
ALMAS - TO,12,8
ALMEIRIM - PA,1,28
ALMEIRIM - PA,2,9
ALMEIRIM - PA,3,5
ALMEIRIM - PA,5,2
ALMEIRIM - PA,6,7
ALMEIRIM - PA,7,16
ALMEIRIM - PA,8,47
ALMEIRIM - PA,9,143
ALMEIRIM - PA,10,834
ALMEIRIM - PA,11,836
ALMEIRIM - PA,12,303
ALTA FLORESTA - MT,1,10
ALTA FLORESTA - MT,2,14
ALTA FLORESTA - MT,3,17
ALTA FLORESTA - MT,4,13
ALTA FLORESTA - MT,5,58
ALTA FLORESTA - MT,6,158
ALTA FLORESTA - MT,7,41
ALTA FLORESTA - MT,8,53
ALTA FLORESTA - MT,9,335
ALTA FLORESTA - MT,10,78
ALTA FLORESTA - MT,11,44
ALTA FLORESTA - MT,12,13
ALTA FLORESTA D'OESTE - RO,1,6
ALTA FLORESTA D'OESTE - RO,2,1
ALTA FLORESTA D'OESTE - RO,4,1
ALTA FLORESTA D'OESTE - RO,5,1
ALTA FLORESTA D'OESTE - RO,6,16
ALTA FLORESTA D'OESTE - RO,7,29
ALTA FLORESTA D'OESTE - RO,8,73
ALTA FLORESTA D'OESTE - RO,9,429
ALTA FLORESTA D'OESTE - RO,10,416
ALTA FLORESTA D'OESTE - RO,11,139
ALTA FLORESTA D'OESTE - RO,12,8
ALTAMIRA - PA,1,26
ALTAMIRA - PA,2,19
ALTAMIRA - PA,3,21
ALTAMIRA - PA,4,9
ALTAMIRA - PA,5,15
ALTAMIRA - PA,6,63
ALTAMIRA - PA,7,1139
ALTAMIRA - PA,8,11389
ALTAMIRA - PA,9,8277
ALTAMIRA - PA,10,1309
ALTAMIRA - PA,11,497
ALTAMIRA - PA,12,119
ALTAMIRA DO MARANHÃO - MA,1,12
ALTAMIRA DO MARANHÃO - MA,4,1
ALTAMIRA DO MARANHÃO - MA,7,2
ALTAMIRA DO MARANHÃO - MA,9,4
ALTAMIRA DO MARANHÃO - MA,10,30
ALTAMIRA DO MARANHÃO - MA,11,34
ALTAMIRA DO MARANHÃO - MA,12,30
ALTO ALEGRE - RR,1,61
ALTO ALEGRE - RR,2,161
ALTO ALEGRE - RR,3,221
ALTO ALEGRE - RR,4,76
ALTO ALEGRE - RR,5,16
ALTO ALEGRE - RR,6,3
ALTO ALEGRE - RR,7,3
ALTO ALEGRE - RR,8,18
ALTO ALEGRE - RR,9,54
ALTO ALEGRE - RR,10,60
ALTO ALEGRE - RR,11,24
ALTO ALEGRE - RR,12,34
ALTO ALEGRE DO MARANHÃO - MA,7,5
ALTO ALEGRE DO MARANHÃO - MA,8,9
ALTO ALEGRE DO MARANHÃO - MA,9,38
ALTO ALEGRE DO MARANHÃO - MA,10,89
ALTO ALEGRE DO MARANHÃO - MA,11,33
ALTO ALEGRE DO MARANHÃO - MA,12,8
ALTO ALEGRE DO PINDARÉ - MA,1,11
ALTO ALEGRE DO PINDARÉ - MA,2,3
ALTO ALEGRE DO PINDARÉ - MA,7,5
ALTO ALEGRE DO PINDARÉ - MA,8,10
ALTO ALEGRE DO PINDARÉ - MA,9,14
ALTO ALEGRE DO PINDARÉ - MA,10,159
ALTO ALEGRE DO PINDARÉ - MA,11,320
ALTO ALEGRE DO PINDARÉ - MA,12,127
ALTO ALEGRE DOS PARECIS - RO,1,2
ALTO ALEGRE DOS PARECIS - RO,2,2
ALTO ALEGRE DOS PARECIS - RO,3,2
ALTO ALEGRE DOS PARECIS - RO,4,2
ALTO ALEGRE DOS PARECIS - RO,5,4
ALTO ALEGRE DOS PARECIS - RO,6,2
ALTO ALEGRE DOS PARECIS - RO,7,7
ALTO ALEGRE DOS PARECIS - RO,8,16
ALTO ALEGRE DOS PARECIS - RO,9,40
ALTO ALEGRE DOS PARECIS - RO,10,113
ALTO ALEGRE DOS PARECIS - RO,11,114
ALTO ALEGRE DOS PARECIS - RO,12,6
ALTO ARAGUAIA - MT,1,4
ALTO ARAGUAIA - MT,2,10
ALTO ARAGUAIA - MT,3,7
ALTO ARAGUAIA - MT,4,5
ALTO ARAGUAIA - MT,5,9
ALTO ARAGUAIA - MT,6,20
ALTO ARAGUAIA - MT,7,14
ALTO ARAGUAIA - MT,8,41
ALTO ARAGUAIA - MT,9,260
ALTO ARAGUAIA - MT,10,110
ALTO ARAGUAIA - MT,11,17
ALTO ARAGUAIA - MT,12,3
ALTO BOA VISTA - MT,1,7
ALTO BOA VISTA - MT,2,9
ALTO BOA VISTA - MT,3,9
ALTO BOA VISTA - MT,4,4
ALTO BOA VISTA - MT,5,11
ALTO BOA VISTA - MT,6,30
ALTO BOA VISTA - MT,7,74
ALTO BOA VISTA - MT,8,92
ALTO BOA VISTA - MT,9,210
ALTO BOA VISTA - MT,10,45
ALTO BOA VISTA - MT,11,3
ALTO BOA VISTA - MT,12,3
ALTO GARÇAS - MT,1,3
ALTO GARÇAS - MT,2,4
ALTO GARÇAS - MT,3,5
ALTO GARÇAS - MT,4,6
ALTO GARÇAS - MT,5,9
ALTO GARÇAS - MT,6,14
ALTO GARÇAS - MT,7,29
ALTO GARÇAS - MT,8,65
ALTO GARÇAS - MT,9,32
ALTO GARÇAS - MT,10,21
ALTO GARÇAS - MT,11,13
ALTO GARÇAS - MT,12,7
ALTO PARAGUAI - MT,1,2
ALTO PARAGUAI - MT,2,6
ALTO PARAGUAI - MT,3,7
ALTO PARAGUAI - MT,4,1
ALTO PARAGUAI - MT,5,3
ALTO PARAGUAI - MT,6,1
ALTO PARAGUAI - MT,7,11
ALTO PARAGUAI - MT,8,221
ALTO PARAGUAI - MT,9,260
ALTO PARAGUAI - MT,10,17
ALTO PARAGUAI - MT,11,14
ALTO PARAGUAI - MT,12,5
ALTO PARAÍSO - RO,1,12
ALTO PARAÍSO - RO,2,3
ALTO PARAÍSO - RO,3,3
ALTO PARAÍSO - RO,4,5
ALTO PARAÍSO - RO,5,21
ALTO PARAÍSO - RO,6,36
ALTO PARAÍSO - RO,7,60
ALTO PARAÍSO - RO,8,131
ALTO PARAÍSO - RO,9,251
ALTO PARAÍSO - RO,10,179
ALTO PARAÍSO - RO,11,105
ALTO PARAÍSO - RO,12,17
ALTO PARNAÍBA - MA,1,19
ALTO PARNAÍBA - MA,2,15
ALTO PARNAÍBA - MA,3,29
ALTO PARNAÍBA - MA,4,27
ALTO PARNAÍBA - MA,5,112
ALTO PARNAÍBA - MA,6,247
ALTO PARNAÍBA - MA,7,404
ALTO PARNAÍBA - MA,8,937
ALTO PARNAÍBA - MA,9,2199
ALTO PARNAÍBA - MA,10,1125
ALTO PARNAÍBA - MA,11,67
ALTO PARNAÍBA - MA,12,20
ALTO TAQUARI - MT,1,1
ALTO TAQUARI - MT,2,1
ALTO TAQUARI - MT,3,2
ALTO TAQUARI - MT,4,3
ALTO TAQUARI - MT,6,3
ALTO TAQUARI - MT,7,16
ALTO TAQUARI - MT,8,58
ALTO TAQUARI - MT,9,46
ALTO TAQUARI - MT,12,3
ALVARÃES - AM,1,15
ALVARÃES - AM,2,9
ALVARÃES - AM,3,1
ALVARÃES - AM,4,2
ALVARÃES - AM,5,1
ALVARÃES - AM,6,3
ALVARÃES - AM,7,102
ALVARÃES - AM,8,339
ALVARÃES - AM,9,411
ALVARÃES - AM,10,175
ALVARÃES - AM,11,39
ALVARÃES - AM,12,9
ALVORADA - TO,2,4
ALVORADA - TO,4,2
ALVORADA - TO,5,14
ALVORADA - TO,6,7
ALVORADA - TO,7,2
ALVORADA - TO,8,19
ALVORADA - TO,9,34
ALVORADA - TO,10,13
ALVORADA - TO,11,2
ALVORADA - TO,12,3
ALVORADA D'OESTE - RO,6,2
ALVORADA D'OESTE - RO,7,18
ALVORADA D'OESTE - RO,8,101
ALVORADA D'OESTE - RO,9,38
ALVORADA D'OESTE - RO,10,16
ALVORADA D'OESTE - RO,11,9
AMAJARI - RR,1,95
AMAJARI - RR,2,294
AMAJARI - RR,3,191
AMAJARI - RR,4,80
AMAJARI - RR,5,6
AMAJARI - RR,6,7
AMAJARI - RR,7,4
AMAJARI - RR,8,17
AMAJARI - RR,9,46
AMAJARI - RR,10,48
AMAJARI - RR,11,40
AMAJARI - RR,12,44
AMAPÁ - AP,1,1
AMAPÁ - AP,3,1
AMAPÁ - AP,5,3
AMAPÁ - AP,6,3
AMAPÁ - AP,7,3
AMAPÁ - AP,8,8
AMAPÁ - AP,9,101
AMAPÁ - AP,10,237
AMAPÁ - AP,11,186
AMAPÁ - AP,12,24
AMAPÁ DO MARANHÃO - MA,1,29
AMAPÁ DO MARANHÃO - MA,6,1
AMAPÁ DO MARANHÃO - MA,8,2
AMAPÁ DO MARANHÃO - MA,9,8
AMAPÁ DO MARANHÃO - MA,10,6
AMAPÁ DO MARANHÃO - MA,11,79
AMAPÁ DO MARANHÃO - MA,12,103
AMARANTE DO MARANHÃO - MA,1,6
AMARANTE DO MARANHÃO - MA,2,3
AMARANTE DO MARANHÃO - MA,4,1
AMARANTE DO MARANHÃO - MA,5,8
AMARANTE DO MARANHÃO - MA,6,69
AMARANTE DO MARANHÃO - MA,7,73
AMARANTE DO MARANHÃO - MA,8,105
AMARANTE DO MARANHÃO - MA,9,274
AMARANTE DO MARANHÃO - MA,10,269
AMARANTE DO MARANHÃO - MA,11,229
AMARANTE DO MARANHÃO - MA,12,58
AMATURÁ - AM,1,2
AMATURÁ - AM,2,2
AMATURÁ - AM,4,3
AMATURÁ - AM,6,1
AMATURÁ - AM,7,1
AMATURÁ - AM,8,26
AMATURÁ - AM,9,36
AMATURÁ - AM,10,23
AMATURÁ - AM,11,8
AMATURÁ - AM,12,2
ANAJATUBA - MA,1,1
ANAJATUBA - MA,6,3
ANAJATUBA - MA,7,16
ANAJATUBA - MA,8,10
ANAJATUBA - MA,9,15
ANAJATUBA - MA,10,46
ANAJATUBA - MA,11,59
ANAJATUBA - MA,12,26
ANAJÁS - PA,7,4
ANAJÁS - PA,8,4
ANAJÁS - PA,9,8
ANAJÁS - PA,10,9
ANAJÁS - PA,11,13
ANAJÁS - PA,12,1
ANAMÃ - AM,3,2
ANAMÃ - AM,7,12
ANAMÃ - AM,8,56
ANAMÃ - AM,9,74
ANAMÃ - AM,10,27
ANAMÃ - AM,11,6
ANANINDEUA - PA,8,1
ANANINDEUA - PA,12,1
ANANÁS - TO,1,8
ANANÁS - TO,2,5
ANANÁS - TO,3,25
ANANÁS - TO,4,14
ANANÁS - TO,5,7
ANANÁS - TO,6,19
ANANÁS - TO,7,12
ANANÁS - TO,8,36
ANANÁS - TO,9,65
ANANÁS - TO,10,23
ANANÁS - TO,11,39
ANANÁS - TO,12,7
ANAPU - PA,1,10
ANAPU - PA,2,7
ANAPU - PA,6,15
ANAPU - PA,7,59
ANAPU - PA,8,201
ANAPU - PA,9,711
ANAPU - PA,10,1215
ANAPU - PA,11,864
ANAPU - PA,12,204
ANGICO - TO,2,1
ANGICO - TO,7,1
ANGICO - TO,8,10
ANGICO - TO,9,9
ANGICO - TO,10,16
ANGICO - TO,11,21
ANGICO - TO,12,2
ANORI - AM,2,2
ANORI - AM,7,1
ANORI - AM,8,18
ANORI - AM,9,14
ANORI - AM,10,31
ANORI - AM,11,5
APARECIDA DO RIO NEGRO - TO,1,1
APARECIDA DO RIO NEGRO - TO,2,14
APARECIDA DO RIO NEGRO - TO,3,14
APARECIDA DO RIO NEGRO - TO,4,8
APARECIDA DO RIO NEGRO - TO,5,20
APARECIDA DO RIO NEGRO - TO,6,21
APARECIDA DO RIO NEGRO - TO,7,28
APARECIDA DO RIO NEGRO - TO,8,23
APARECIDA DO RIO NEGRO - TO,9,34
APARECIDA DO RIO NEGRO - TO,10,13
APARECIDA DO RIO NEGRO - TO,11,8
APARECIDA DO RIO NEGRO - TO,12,3
APIACÁS - MT,1,3
APIACÁS - MT,2,2
APIACÁS - MT,3,2
APIACÁS - MT,5,22
APIACÁS - MT,6,117
APIACÁS - MT,7,151
APIACÁS - MT,8,1443
APIACÁS - MT,9,1320
APIACÁS - MT,10,151
APIACÁS - MT,11,30
APIACÁS - MT,12,3
APICUM-AÇU - MA,8,46
APICUM-AÇU - MA,9,49
APICUM-AÇU - MA,10,4
APICUM-AÇU - MA,11,22
APICUM-AÇU - MA,12,36
APUÍ - AM,1,30
APUÍ - AM,2,28
APUÍ - AM,3,5
APUÍ - AM,4,5
APUÍ - AM,5,4
APUÍ - AM,6,21
APUÍ - AM,7,3791
APUÍ - AM,8,8221
APUÍ - AM,9,2232
APUÍ - AM,10,691
APUÍ - AM,11,160
APUÍ - AM,12,21
ARAGOMINAS - TO,1,5
ARAGOMINAS - TO,2,1
ARAGOMINAS - TO,3,3
ARAGOMINAS - TO,6,2
ARAGOMINAS - TO,7,6
ARAGOMINAS - TO,8,6
ARAGOMINAS - TO,9,30
ARAGOMINAS - TO,10,44
ARAGOMINAS - TO,11,36
ARAGOMINAS - TO,12,12
ARAGUACEMA - TO,1,3
ARAGUACEMA - TO,2,10
ARAGUACEMA - TO,3,15
ARAGUACEMA - TO,4,16
ARAGUACEMA - TO,5,63
ARAGUACEMA - TO,6,100
ARAGUACEMA - TO,7,56
ARAGUACEMA - TO,8,140
ARAGUACEMA - TO,9,231
ARAGUACEMA - TO,10,67
ARAGUACEMA - TO,11,17
ARAGUACEMA - TO,12,12
ARAGUAIANA - MT,1,10
ARAGUAIANA - MT,2,8
ARAGUAIANA - MT,3,18
ARAGUAIANA - MT,4,15
ARAGUAIANA - MT,5,30
ARAGUAIANA - MT,6,19
ARAGUAIANA - MT,7,30
ARAGUAIANA - MT,8,27
ARAGUAIANA - MT,9,119
ARAGUAIANA - MT,10,21
ARAGUAIANA - MT,11,20
ARAGUAIANA - MT,12,32
ARAGUAINHA - MT,3,2
ARAGUAINHA - MT,4,1
ARAGUAINHA - MT,5,6
ARAGUAINHA - MT,7,2
ARAGUAINHA - MT,8,2
ARAGUAINHA - MT,9,23
ARAGUAINHA - MT,10,5
ARAGUAINHA - MT,11,7
ARAGUAINHA - MT,12,1
ARAGUANÃ - MA,1,2
ARAGUANÃ - MA,7,1
ARAGUANÃ - MA,8,3
ARAGUANÃ - MA,9,5
ARAGUANÃ - MA,10,28
ARAGUANÃ - MA,11,104
ARAGUANÃ - MA,12,44
ARAGUANÃ - TO,6,1
ARAGUANÃ - TO,8,10
ARAGUANÃ - TO,9,35
ARAGUANÃ - TO,10,2
ARAGUANÃ - TO,11,1
ARAGUANÃ - TO,12,3
ARAGUATINS - TO,1,8
ARAGUATINS - TO,2,5
ARAGUATINS - TO,3,2
ARAGUATINS - TO,4,2
ARAGUATINS - TO,5,1
ARAGUATINS - TO,6,18
ARAGUATINS - TO,7,34
ARAGUATINS - TO,8,35
ARAGUATINS - TO,9,45
ARAGUATINS - TO,10,82
ARAGUATINS - TO,11,78
ARAGUATINS - TO,12,29
ARAGUAÇU - TO,1,4
ARAGUAÇU - TO,2,3
ARAGUAÇU - TO,3,4
ARAGUAÇU - TO,4,6
ARAGUAÇU - TO,5,14
ARAGUAÇU - TO,6,12
ARAGUAÇU - TO,7,16
ARAGUAÇU - TO,8,14
ARAGUAÇU - TO,9,34
ARAGUAÇU - TO,10,41
ARAGUAÇU - TO,11,11
ARAGUAÇU - TO,12,1
ARAGUAÍNA - TO,1,6
ARAGUAÍNA - TO,2,4
ARAGUAÍNA - TO,3,4
ARAGUAÍNA - TO,4,1
ARAGUAÍNA - TO,5,7
ARAGUAÍNA - TO,6,19
ARAGUAÍNA - TO,7,78
ARAGUAÍNA - TO,8,138
ARAGUAÍNA - TO,9,174
ARAGUAÍNA - TO,10,35
ARAGUAÍNA - TO,11,43
ARAGUAÍNA - TO,12,17
ARAME - MA,1,2
ARAME - MA,2,4
ARAME - MA,4,1
ARAME - MA,5,3
ARAME - MA,6,13
ARAME - MA,7,43
ARAME - MA,8,54
ARAME - MA,9,191
ARAME - MA,10,555
ARAME - MA,11,329
ARAME - MA,12,89
ARAPOEMA - TO,1,4
ARAPOEMA - TO,3,2
ARAPOEMA - TO,6,30
ARAPOEMA - TO,7,14
ARAPOEMA - TO,8,12
ARAPOEMA - TO,9,34
ARAPOEMA - TO,10,21
ARAPOEMA - TO,11,6
ARAPOEMA - TO,12,7
ARAPUTANGA - MT,4,1
ARAPUTANGA - MT,6,2
ARAPUTANGA - MT,7,4
ARAPUTANGA - MT,8,114
ARAPUTANGA - MT,9,3
ARAPUTANGA - MT,10,7
ARAPUTANGA - MT,11,4
ARARI - MA,5,1
ARARI - MA,6,3
ARARI - MA,7,4
ARARI - MA,8,4
ARARI - MA,9,42
ARARI - MA,10,134
ARARI - MA,11,92
ARARI - MA,12,43
ARENÁPOLIS - MT,1,2
ARENÁPOLIS - MT,3,4
ARENÁPOLIS - MT,4,2
ARENÁPOLIS - MT,5,8
ARENÁPOLIS - MT,6,4
ARENÁPOLIS - MT,7,1
ARENÁPOLIS - MT,8,5
ARENÁPOLIS - MT,9,6
ARENÁPOLIS - MT,10,5
ARENÁPOLIS - MT,11,1
ARENÁPOLIS - MT,12,2
ARIPUANÃ - MT,1,9
ARIPUANÃ - MT,2,11
ARIPUANÃ - MT,3,9
ARIPUANÃ - MT,4,5
ARIPUANÃ - MT,5,40
ARIPUANÃ - MT,6,124
ARIPUANÃ - MT,7,335
ARIPUANÃ - MT,8,2235
ARIPUANÃ - MT,9,2063
ARIPUANÃ - MT,10,662
ARIPUANÃ - MT,11,183
ARIPUANÃ - MT,12,44
ARIQUEMES - RO,1,5
ARIQUEMES - RO,2,3
ARIQUEMES - RO,3,2
ARIQUEMES - RO,4,2
ARIQUEMES - RO,5,11
ARIQUEMES - RO,6,20
ARIQUEMES - RO,7,55
ARIQUEMES - RO,8,110
ARIQUEMES - RO,9,153
ARIQUEMES - RO,10,138
ARIQUEMES - RO,11,66
ARIQUEMES - RO,12,13
ARRAIAS - TO,1,7
ARRAIAS - TO,2,1
ARRAIAS - TO,3,4
ARRAIAS - TO,4,1
ARRAIAS - TO,5,27
ARRAIAS - TO,6,44
ARRAIAS - TO,7,135
ARRAIAS - TO,8,202
ARRAIAS - TO,9,477
ARRAIAS - TO,10,444
ARRAIAS - TO,11,73
ARRAIAS - TO,12,27
ASSIS BRASIL - AC,5,2
ASSIS BRASIL - AC,6,15
ASSIS BRASIL - AC,7,18
ASSIS BRASIL - AC,8,95
ASSIS BRASIL - AC,9,454
ASSIS BRASIL - AC,10,299
ASSIS BRASIL - AC,11,93
ATALAIA DO NORTE - AM,1,2
ATALAIA DO NORTE - AM,7,19
ATALAIA DO NORTE - AM,8,42
ATALAIA DO NORTE - AM,9,56
ATALAIA DO NORTE - AM,10,8
ATALAIA DO NORTE - AM,11,1
ATALAIA DO NORTE - AM,12,3
AUGUSTINÓPOLIS - TO,6,1
AUGUSTINÓPOLIS - TO,8,15
AUGUSTINÓPOLIS - TO,9,2
AUGUSTINÓPOLIS - TO,10,4
AUGUSTINÓPOLIS - TO,11,7
AUGUSTINÓPOLIS - TO,12,3
AUGUSTO CORRÊA - PA,1,8
AUGUSTO CORRÊA - PA,6,1
AUGUSTO CORRÊA - PA,7,1
AUGUSTO CORRÊA - PA,8,18
AUGUSTO CORRÊA - PA,9,151
AUGUSTO CORRÊA - PA,10,50
AUGUSTO CORRÊA - PA,11,93
AUGUSTO CORRÊA - PA,12,127
AURORA DO PARÁ - PA,1,7
AURORA DO PARÁ - PA,2,4
AURORA DO PARÁ - PA,3,1
AURORA DO PARÁ - PA,5,4
AURORA DO PARÁ - PA,6,9
AURORA DO PARÁ - PA,7,68
AURORA DO PARÁ - PA,8,87
AURORA DO PARÁ - PA,9,56
AURORA DO PARÁ - PA,10,112
AURORA DO PARÁ - PA,11,223
AURORA DO PARÁ - PA,12,119
AURORA DO TOCANTINS - TO,1,3
AURORA DO TOCANTINS - TO,2,3
AURORA DO TOCANTINS - TO,4,1
AURORA DO TOCANTINS - TO,5,1
AURORA DO TOCANTINS - TO,6,11
AURORA DO TOCANTINS - TO,7,15
AURORA DO TOCANTINS - TO,8,7
AURORA DO TOCANTINS - TO,9,9
AURORA DO TOCANTINS - TO,10,35
AURORA DO TOCANTINS - TO,11,6
AURORA DO TOCANTINS - TO,12,3
AUTAZES - AM,1,35
AUTAZES - AM,2,6
AUTAZES - AM,3,4
AUTAZES - AM,4,10
AUTAZES - AM,5,14
AUTAZES - AM,6,18
AUTAZES - AM,7,164
AUTAZES - AM,8,518
AUTAZES - AM,9,853
AUTAZES - AM,10,662
AUTAZES - AM,11,124
AUTAZES - AM,12,46
AVEIRO - PA,1,10
AVEIRO - PA,2,9
AVEIRO - PA,3,1
AVEIRO - PA,4,3
AVEIRO - PA,5,4
AVEIRO - PA,6,14
AVEIRO - PA,7,129
AVEIRO - PA,8,404
AVEIRO - PA,9,771
AVEIRO - PA,10,924
AVEIRO - PA,11,429
AVEIRO - PA,12,98
AXIXÁ - MA,7,1
AXIXÁ - MA,8,12
AXIXÁ - MA,9,5
AXIXÁ - MA,10,1
AXIXÁ - MA,11,10
AXIXÁ - MA,12,5
AXIXÁ DO TOCANTINS - TO,1,4
AXIXÁ DO TOCANTINS - TO,7,5
AXIXÁ DO TOCANTINS - TO,8,5
AXIXÁ DO TOCANTINS - TO,9,8
AXIXÁ DO TOCANTINS - TO,10,3
AXIXÁ DO TOCANTINS - TO,11,3
AXIXÁ DO TOCANTINS - TO,12,3
AÇAILÂNDIA - MA,1,27
AÇAILÂNDIA - MA,2,8
AÇAILÂNDIA - MA,3,3
AÇAILÂNDIA - MA,4,7
AÇAILÂNDIA - MA,5,27
AÇAILÂNDIA - MA,6,36
AÇAILÂNDIA - MA,7,88
AÇAILÂNDIA - MA,8,119
AÇAILÂNDIA - MA,9,128
AÇAILÂNDIA - MA,10,151
AÇAILÂNDIA - MA,11,162
AÇAILÂNDIA - MA,12,74
BABAÇULÂNDIA - TO,1,2
BABAÇULÂNDIA - TO,3,7
BABAÇULÂNDIA - TO,4,4
BABAÇULÂNDIA - TO,5,2
BABAÇULÂNDIA - TO,6,19
BABAÇULÂNDIA - TO,7,36
BABAÇULÂNDIA - TO,8,56
BABAÇULÂNDIA - TO,9,184
BABAÇULÂNDIA - TO,10,91
BABAÇULÂNDIA - TO,11,38
BABAÇULÂNDIA - TO,12,6
BACABAL - MA,1,6
BACABAL - MA,2,1
BACABAL - MA,4,2
BACABAL - MA,5,2
BACABAL - MA,6,2
BACABAL - MA,7,15
BACABAL - MA,8,26
BACABAL - MA,9,53
BACABAL - MA,10,136
BACABAL - MA,11,123
BACABAL - MA,12,72
BACABEIRA - MA,1,1
BACABEIRA - MA,7,3
BACABEIRA - MA,8,10
BACABEIRA - MA,9,44
BACABEIRA - MA,10,59
BACABEIRA - MA,11,51
BACABEIRA - MA,12,12
BACURI - MA,1,4
BACURI - MA,5,1
BACURI - MA,8,17
BACURI - MA,9,96
BACURI - MA,10,18
BACURI - MA,11,28
BACURI - MA,12,70
BACURITUBA - MA,1,3
BACURITUBA - MA,9,7
BACURITUBA - MA,10,14
BACURITUBA - MA,11,11
BACURITUBA - MA,12,11
BAGRE - PA,1,1
BAGRE - PA,6,4
BAGRE - PA,7,21
BAGRE - PA,8,24
BAGRE - PA,9,93
BAGRE - PA,10,208
BAGRE - PA,11,213
BAGRE - PA,12,32
BAIÃO - PA,1,15
BAIÃO - PA,5,6
BAIÃO - PA,6,16
BAIÃO - PA,7,23
BAIÃO - PA,8,78
BAIÃO - PA,9,135
BAIÃO - PA,10,414
BAIÃO - PA,11,417
BAIÃO - PA,12,82
BALSAS - MA,1,46
BALSAS - MA,2,43
BALSAS - MA,3,65
BALSAS - MA,4,72
BALSAS - MA,5,285
BALSAS - MA,6,657
BALSAS - MA,7,600
BALSAS - MA,8,918
BALSAS - MA,9,1215
BALSAS - MA,10,588
BALSAS - MA,11,112
BALSAS - MA,12,36
BANDEIRANTES DO TOCANTINS - TO,5,1
BANDEIRANTES DO TOCANTINS - TO,6,5
BANDEIRANTES DO TOCANTINS - TO,7,7
BANDEIRANTES DO TOCANTINS - TO,8,9
BANDEIRANTES DO TOCANTINS - TO,9,72
BANDEIRANTES DO TOCANTINS - TO,10,7
BANDEIRANTES DO TOCANTINS - TO,11,8
BANDEIRANTES DO TOCANTINS - TO,12,2
BANNACH - PA,1,2
BANNACH - PA,5,3
BANNACH - PA,6,12
BANNACH - PA,7,11
BANNACH - PA,8,214
BANNACH - PA,9,301
BANNACH - PA,10,54
BANNACH - PA,11,6
BANNACH - PA,12,3
BARCARENA - PA,5,3
BARCARENA - PA,6,1
BARCARENA - PA,7,26
BARCARENA - PA,8,34
BARCARENA - PA,9,27
BARCARENA - PA,10,48
BARCARENA - PA,11,59
BARCARENA - PA,12,12
BARCELOS - AM,1,63
BARCELOS - AM,2,21
BARCELOS - AM,3,13
BARCELOS - AM,5,2
BARCELOS - AM,6,1
BARCELOS - AM,8,7
BARCELOS - AM,9,30
BARCELOS - AM,10,55
BARCELOS - AM,11,52
BARCELOS - AM,12,12
BARRA DO BUGRES - MT,1,44
BARRA DO BUGRES - MT,2,26
BARRA DO BUGRES - MT,3,38
BARRA DO BUGRES - MT,4,19
BARRA DO BUGRES - MT,5,20
BARRA DO BUGRES - MT,6,24
BARRA DO BUGRES - MT,7,10
BARRA DO BUGRES - MT,8,161
BARRA DO BUGRES - MT,9,205
BARRA DO BUGRES - MT,10,83
BARRA DO BUGRES - MT,11,34
BARRA DO BUGRES - MT,12,18
BARRA DO CORDA - MA,1,39
BARRA DO CORDA - MA,2,25
BARRA DO CORDA - MA,3,21
BARRA DO CORDA - MA,4,27
BARRA DO CORDA - MA,5,55
BARRA DO CORDA - MA,6,118
BARRA DO CORDA - MA,7,233
BARRA DO CORDA - MA,8,427
BARRA DO CORDA - MA,9,637
BARRA DO CORDA - MA,10,449
BARRA DO CORDA - MA,11,283
BARRA DO CORDA - MA,12,123
BARRA DO GARÇAS - MT,1,13
BARRA DO GARÇAS - MT,2,9
BARRA DO GARÇAS - MT,3,20
BARRA DO GARÇAS - MT,4,42
BARRA DO GARÇAS - MT,5,15
BARRA DO GARÇAS - MT,6,41
BARRA DO GARÇAS - MT,7,51
BARRA DO GARÇAS - MT,8,1042
BARRA DO GARÇAS - MT,9,645
BARRA DO GARÇAS - MT,10,123
BARRA DO GARÇAS - MT,11,24
BARRA DO GARÇAS - MT,12,13
BARRA DO OURO - TO,3,5
BARRA DO OURO - TO,4,1
BARRA DO OURO - TO,5,20
BARRA DO OURO - TO,6,20
BARRA DO OURO - TO,7,29
BARRA DO OURO - TO,8,22
BARRA DO OURO - TO,9,24
BARRA DO OURO - TO,10,49
BARRA DO OURO - TO,11,11
BARRA DO OURO - TO,12,1
BARREIRINHA - AM,1,1
BARREIRINHA - AM,3,1
BARREIRINHA - AM,5,2
BARREIRINHA - AM,6,12
BARREIRINHA - AM,7,83
BARREIRINHA - AM,8,192
BARREIRINHA - AM,9,243
BARREIRINHA - AM,10,213
BARREIRINHA - AM,11,120
BARREIRINHA - AM,12,24
BARROLÂNDIA - TO,5,1
BARROLÂNDIA - TO,6,5
BARROLÂNDIA - TO,7,13
BARROLÂNDIA - TO,8,7
BARROLÂNDIA - TO,9,63
BARROLÂNDIA - TO,10,19
BARROLÂNDIA - TO,11,7
BARROLÂNDIA - TO,12,1
BARÃO DE MELGAÇO - MT,1,16
BARÃO DE MELGAÇO - MT,2,11
BARÃO DE MELGAÇO - MT,3,6
BARÃO DE MELGAÇO - MT,4,1
BARÃO DE MELGAÇO - MT,5,1
BARÃO DE MELGAÇO - MT,6,22
BARÃO DE MELGAÇO - MT,7,83
BARÃO DE MELGAÇO - MT,8,2228
BARÃO DE MELGAÇO - MT,9,2950
BARÃO DE MELGAÇO - MT,10,1079
BARÃO DE MELGAÇO - MT,11,515
BARÃO DE MELGAÇO - MT,12,32
BELA VISTA DO MARANHÃO - MA,5,1
BELA VISTA DO MARANHÃO - MA,7,13
BELA VISTA DO MARANHÃO - MA,8,6
BELA VISTA DO MARANHÃO - MA,9,2
BELA VISTA DO MARANHÃO - MA,10,10
BELA VISTA DO MARANHÃO - MA,11,22
BELA VISTA DO MARANHÃO - MA,12,11
BELTERRA - PA,1,17
BELTERRA - PA,2,5
BELTERRA - PA,3,11
BELTERRA - PA,4,8
BELTERRA - PA,6,9
BELTERRA - PA,7,27
BELTERRA - PA,8,48
BELTERRA - PA,9,84
BELTERRA - PA,10,125
BELTERRA - PA,11,84
BELTERRA - PA,12,52
BELÉM - PA,6,1
BELÉM - PA,7,1
BELÉM - PA,8,1
BELÉM - PA,9,2
BELÉM - PA,10,4
BELÉM - PA,11,10
BELÉM - PA,12,1
BENEDITO LEITE - MA,1,6
BENEDITO LEITE - MA,2,11
BENEDITO LEITE - MA,3,3
BENEDITO LEITE - MA,4,9
BENEDITO LEITE - MA,5,29
BENEDITO LEITE - MA,6,48
BENEDITO LEITE - MA,7,177
BENEDITO LEITE - MA,8,328
BENEDITO LEITE - MA,9,360
BENEDITO LEITE - MA,10,119
BENEDITO LEITE - MA,11,15
BENEDITO LEITE - MA,12,2
BENEVIDES - PA,9,2
BENEVIDES - PA,10,1
BENJAMIN CONSTANT - AM,1,1
BENJAMIN CONSTANT - AM,2,2
BENJAMIN CONSTANT - AM,3,1
BENJAMIN CONSTANT - AM,4,3
BENJAMIN CONSTANT - AM,5,2
BENJAMIN CONSTANT - AM,7,2
BENJAMIN CONSTANT - AM,8,20
BENJAMIN CONSTANT - AM,9,46
BENJAMIN CONSTANT - AM,10,32
BENJAMIN CONSTANT - AM,11,18
BENJAMIN CONSTANT - AM,12,7
BEQUIMÃO - MA,1,10
BEQUIMÃO - MA,8,8
BEQUIMÃO - MA,9,18
BEQUIMÃO - MA,10,24
BEQUIMÃO - MA,11,38
BEQUIMÃO - MA,12,24
BERNARDO DO MEARIM - MA,1,1
BERNARDO DO MEARIM - MA,3,1
BERNARDO DO MEARIM - MA,9,3
BERNARDO DO MEARIM - MA,10,21
BERNARDO DO MEARIM - MA,11,10
BERNARDO DO MEARIM - MA,12,20
BERNARDO SAYÃO - TO,5,1
BERNARDO SAYÃO - TO,6,1
BERNARDO SAYÃO - TO,7,3
BERNARDO SAYÃO - TO,8,10
BERNARDO SAYÃO - TO,9,39
BERNARDO SAYÃO - TO,10,29
BERNARDO SAYÃO - TO,11,9
BERNARDO SAYÃO - TO,12,1
BERURI - AM,1,1
BERURI - AM,2,1
BERURI - AM,3,4
BERURI - AM,4,2
BERURI - AM,6,2
BERURI - AM,7,58
BERURI - AM,8,131
BERURI - AM,9,139
BERURI - AM,10,75
BERURI - AM,11,28
BOA VISTA - RR,1,181
BOA VISTA - RR,2,175
BOA VISTA - RR,3,137
BOA VISTA - RR,4,37
BOA VISTA - RR,5,6
BOA VISTA - RR,6,1
BOA VISTA - RR,7,11
BOA VISTA - RR,8,11
BOA VISTA - RR,9,35
BOA VISTA - RR,10,49
BOA VISTA - RR,11,66
BOA VISTA - RR,12,99
BOA VISTA DO GURUPI - MA,1,3
BOA VISTA DO GURUPI - MA,7,1
BOA VISTA DO GURUPI - MA,8,2
BOA VISTA DO GURUPI - MA,9,12
BOA VISTA DO GURUPI - MA,10,32
BOA VISTA DO GURUPI - MA,11,58
BOA VISTA DO GURUPI - MA,12,23
BOA VISTA DO RAMOS - AM,1,2
BOA VISTA DO RAMOS - AM,4,1
BOA VISTA DO RAMOS - AM,7,11
BOA VISTA DO RAMOS - AM,8,59
BOA VISTA DO RAMOS - AM,9,106
BOA VISTA DO RAMOS - AM,10,142
BOA VISTA DO RAMOS - AM,11,49
BOA VISTA DO RAMOS - AM,12,20
BOCA DO ACRE - AM,1,8
BOCA DO ACRE - AM,2,2
BOCA DO ACRE - AM,4,1
BOCA DO ACRE - AM,5,1
BOCA DO ACRE - AM,6,23
BOCA DO ACRE - AM,7,253
BOCA DO ACRE - AM,8,2552
BOCA DO ACRE - AM,9,3895
BOCA DO ACRE - AM,10,1029
BOCA DO ACRE - AM,11,202
BOCA DO ACRE - AM,12,4
BOM JARDIM - MA,1,38
BOM JARDIM - MA,2,15
BOM JARDIM - MA,3,4
BOM JARDIM - MA,4,4
BOM JARDIM - MA,5,16
BOM JARDIM - MA,6,34
BOM JARDIM - MA,7,90
BOM JARDIM - MA,8,95
BOM JARDIM - MA,9,96
BOM JARDIM - MA,10,398
BOM JARDIM - MA,11,592
BOM JARDIM - MA,12,334
BOM JESUS DAS SELVAS - MA,1,15
BOM JESUS DAS SELVAS - MA,2,4
BOM JESUS DAS SELVAS - MA,3,1
BOM JESUS DAS SELVAS - MA,4,2
BOM JESUS DAS SELVAS - MA,5,1
BOM JESUS DAS SELVAS - MA,6,6
BOM JESUS DAS SELVAS - MA,7,24
BOM JESUS DAS SELVAS - MA,8,26
BOM JESUS DAS SELVAS - MA,9,95
BOM JESUS DAS SELVAS - MA,10,263
BOM JESUS DAS SELVAS - MA,11,258
BOM JESUS DAS SELVAS - MA,12,112
BOM JESUS DO ARAGUAIA - MT,1,36
BOM JESUS DO ARAGUAIA - MT,2,50
BOM JESUS DO ARAGUAIA - MT,3,52
BOM JESUS DO ARAGUAIA - MT,4,48
BOM JESUS DO ARAGUAIA - MT,5,30
BOM JESUS DO ARAGUAIA - MT,6,35
BOM JESUS DO ARAGUAIA - MT,7,15
BOM JESUS DO ARAGUAIA - MT,8,10
BOM JESUS DO ARAGUAIA - MT,9,131
BOM JESUS DO ARAGUAIA - MT,10,49
BOM JESUS DO ARAGUAIA - MT,11,27
BOM JESUS DO ARAGUAIA - MT,12,12
BOM JESUS DO TOCANTINS - PA,1,5
BOM JESUS DO TOCANTINS - PA,2,2
BOM JESUS DO TOCANTINS - PA,4,2
BOM JESUS DO TOCANTINS - PA,5,1
BOM JESUS DO TOCANTINS - PA,6,8
BOM JESUS DO TOCANTINS - PA,7,14
BOM JESUS DO TOCANTINS - PA,8,56
BOM JESUS DO TOCANTINS - PA,9,77
BOM JESUS DO TOCANTINS - PA,10,171
BOM JESUS DO TOCANTINS - PA,11,126
BOM JESUS DO TOCANTINS - PA,12,34
BOM JESUS DO TOCANTINS - TO,1,1
BOM JESUS DO TOCANTINS - TO,2,2
BOM JESUS DO TOCANTINS - TO,3,5
BOM JESUS DO TOCANTINS - TO,4,6
BOM JESUS DO TOCANTINS - TO,5,34
BOM JESUS DO TOCANTINS - TO,6,46
BOM JESUS DO TOCANTINS - TO,7,14
BOM JESUS DO TOCANTINS - TO,8,31
BOM JESUS DO TOCANTINS - TO,9,89
BOM JESUS DO TOCANTINS - TO,10,119
BOM JESUS DO TOCANTINS - TO,11,15
BOM JESUS DO TOCANTINS - TO,12,3
BOM LUGAR - MA,2,1
BOM LUGAR - MA,6,1
BOM LUGAR - MA,7,1
BOM LUGAR - MA,8,4
BOM LUGAR - MA,9,7
BOM LUGAR - MA,10,8
BOM LUGAR - MA,11,8
BOM LUGAR - MA,12,9
BONFIM - RR,1,196
BONFIM - RR,2,183
BONFIM - RR,3,177
BONFIM - RR,4,59
BONFIM - RR,5,19
BONFIM - RR,6,8
BONFIM - RR,7,8
BONFIM - RR,8,18
BONFIM - RR,9,44
BONFIM - RR,10,85
BONFIM - RR,11,91
BONFIM - RR,12,84
BONITO - PA,1,2
BONITO - PA,5,2
BONITO - PA,6,3
BONITO - PA,7,13
BONITO - PA,8,7
BONITO - PA,9,17
BONITO - PA,10,51
BONITO - PA,11,60
BONITO - PA,12,26
BORBA - AM,1,10
BORBA - AM,2,4
BORBA - AM,3,3
BORBA - AM,4,1
BORBA - AM,5,2
BORBA - AM,6,15
BORBA - AM,7,161
BORBA - AM,8,397
BORBA - AM,9,455
BORBA - AM,10,295
BORBA - AM,11,77
BORBA - AM,12,15
BRAGANÇA - PA,1,17
BRAGANÇA - PA,2,2
BRAGANÇA - PA,6,2
BRAGANÇA - PA,7,8
BRAGANÇA - PA,8,28
BRAGANÇA - PA,9,111
BRAGANÇA - PA,10,105
BRAGANÇA - PA,11,242
BRAGANÇA - PA,12,160
BRASIL NOVO - PA,1,12
BRASIL NOVO - PA,2,8
BRASIL NOVO - PA,5,5
BRASIL NOVO - PA,6,1
BRASIL NOVO - PA,7,10
BRASIL NOVO - PA,8,25
BRASIL NOVO - PA,9,58
BRASIL NOVO - PA,10,156
BRASIL NOVO - PA,11,178
BRASIL NOVO - PA,12,133
BRASILÂNDIA DO TOCANTINS - TO,1,6
BRASILÂNDIA DO TOCANTINS - TO,2,1
BRASILÂNDIA DO TOCANTINS - TO,3,2
BRASILÂNDIA DO TOCANTINS - TO,5,6
BRASILÂNDIA DO TOCANTINS - TO,6,13
BRASILÂNDIA DO TOCANTINS - TO,7,7
BRASILÂNDIA DO TOCANTINS - TO,8,20
BRASILÂNDIA DO TOCANTINS - TO,9,80
BRASILÂNDIA DO TOCANTINS - TO,10,3
BRASILÂNDIA DO TOCANTINS - TO,11,2
BRASILÂNDIA DO TOCANTINS - TO,12,5
BRASILÉIA - AC,1,1
BRASILÉIA - AC,2,3
BRASILÉIA - AC,3,1
BRASILÉIA - AC,4,2
BRASILÉIA - AC,5,15
BRASILÉIA - AC,6,30
BRASILÉIA - AC,7,86
BRASILÉIA - AC,8,185
BRASILÉIA - AC,9,1203
BRASILÉIA - AC,10,960
BRASILÉIA - AC,11,179
BRASILÉIA - AC,12,5
BRASNORTE - MT,1,157
BRASNORTE - MT,2,115
BRASNORTE - MT,3,263
BRASNORTE - MT,4,213
BRASNORTE - MT,5,245
BRASNORTE - MT,6,288
BRASNORTE - MT,7,78
BRASNORTE - MT,8,139
BRASNORTE - MT,9,187
BRASNORTE - MT,10,145
BRASNORTE - MT,11,131
BRASNORTE - MT,12,160
BREJINHO DE NAZARÉ - TO,2,6
BREJINHO DE NAZARÉ - TO,3,20
BREJINHO DE NAZARÉ - TO,4,9
BREJINHO DE NAZARÉ - TO,5,27
BREJINHO DE NAZARÉ - TO,6,13
BREJINHO DE NAZARÉ - TO,7,17
BREJINHO DE NAZARÉ - TO,8,49
BREJINHO DE NAZARÉ - TO,9,31
BREJINHO DE NAZARÉ - TO,10,34
BREJINHO DE NAZARÉ - TO,11,24
BREJINHO DE NAZARÉ - TO,12,2
BREJO DE AREIA - MA,1,5
BREJO DE AREIA - MA,3,1
BREJO DE AREIA - MA,5,2
BREJO DE AREIA - MA,6,5
BREJO DE AREIA - MA,7,4
BREJO DE AREIA - MA,8,4
BREJO DE AREIA - MA,9,20
BREJO DE AREIA - MA,10,300
BREJO DE AREIA - MA,11,303
BREJO DE AREIA - MA,12,72
BREJO GRANDE DO ARAGUAIA - PA,1,3
BREJO GRANDE DO ARAGUAIA - PA,5,2
BREJO GRANDE DO ARAGUAIA - PA,8,5
BREJO GRANDE DO ARAGUAIA - PA,9,19
BREJO GRANDE DO ARAGUAIA - PA,10,26
BREJO GRANDE DO ARAGUAIA - PA,11,22
BREJO GRANDE DO ARAGUAIA - PA,12,13
BREU BRANCO - PA,1,35
BREU BRANCO - PA,2,6
BREU BRANCO - PA,4,1
BREU BRANCO - PA,5,13
BREU BRANCO - PA,6,75
BREU BRANCO - PA,7,87
BREU BRANCO - PA,8,92
BREU BRANCO - PA,9,91
BREU BRANCO - PA,10,126
BREU BRANCO - PA,11,175
BREU BRANCO - PA,12,118
BREVES - PA,5,1
BREVES - PA,6,7
BREVES - PA,7,93
BREVES - PA,8,131
BREVES - PA,9,122
BREVES - PA,10,160
BREVES - PA,11,31
BREVES - PA,12,2
BUJARI - AC,1,1
BUJARI - AC,4,1
BUJARI - AC,5,3
BUJARI - AC,6,2
BUJARI - AC,7,49
BUJARI - AC,8,272
BUJARI - AC,9,704
BUJARI - AC,10,260
BUJARI - AC,11,18
BUJARU - PA,1,2
BUJARU - PA,2,1
BUJARU - PA,5,2
BUJARU - PA,6,16
BUJARU - PA,7,93
BUJARU - PA,8,77
BUJARU - PA,9,93
BUJARU - PA,10,136
BUJARU - PA,11,138
BUJARU - PA,12,45
BURITI BRAVO - MA,1,1
BURITI BRAVO - MA,4,2
BURITI BRAVO - MA,7,5
BURITI BRAVO - MA,8,3
BURITI BRAVO - MA,9,8
BURITI BRAVO - MA,10,12
BURITI BRAVO - MA,11,5
BURITI BRAVO - MA,12,4
BURITI DO TOCANTINS - TO,6,1
BURITI DO TOCANTINS - TO,8,5
BURITI DO TOCANTINS - TO,9,15
BURITI DO TOCANTINS - TO,10,25
BURITI DO TOCANTINS - TO,11,5
BURITI DO TOCANTINS - TO,12,3
BURITICUPU - MA,1,14
BURITICUPU - MA,2,11
BURITICUPU - MA,3,4
BURITICUPU - MA,5,4
BURITICUPU - MA,6,8
BURITICUPU - MA,7,47
BURITICUPU - MA,8,78
BURITICUPU - MA,9,65
BURITICUPU - MA,10,236
BURITICUPU - MA,11,373
BURITICUPU - MA,12,152
BURITIRANA - MA,1,1
BURITIRANA - MA,3,2
BURITIRANA - MA,4,1
BURITIRANA - MA,5,6
BURITIRANA - MA,6,1
BURITIRANA - MA,7,1
BURITIRANA - MA,8,4
BURITIRANA - MA,9,5
BURITIRANA - MA,10,32
BURITIRANA - MA,11,43
BURITIRANA - MA,12,18
BURITIS - RO,1,2
BURITIS - RO,2,2
BURITIS - RO,3,2
BURITIS - RO,4,1
BURITIS - RO,5,9
BURITIS - RO,6,4
BURITIS - RO,7,32
BURITIS - RO,8,214
BURITIS - RO,9,598
BURITIS - RO,10,182
BURITIS - RO,11,96
BURITIS - RO,12,2
CAAPIRANGA - AM,2,1
CAAPIRANGA - AM,7,51
CAAPIRANGA - AM,8,195
CAAPIRANGA - AM,9,212
CAAPIRANGA - AM,10,74
CAAPIRANGA - AM,11,9
CAAPIRANGA - AM,12,2
CABIXI - RO,1,4
CABIXI - RO,2,9
CABIXI - RO,3,12
CABIXI - RO,4,4
CABIXI - RO,5,13
CABIXI - RO,6,13
CABIXI - RO,7,4
CABIXI - RO,8,15
CABIXI - RO,9,18
CABIXI - RO,10,9
CABIXI - RO,11,7
CABIXI - RO,12,3
CACAULÂNDIA - RO,1,1
CACAULÂNDIA - RO,4,2
CACAULÂNDIA - RO,5,1
CACAULÂNDIA - RO,6,1
CACAULÂNDIA - RO,7,22
CACAULÂNDIA - RO,8,34
CACAULÂNDIA - RO,9,78
CACAULÂNDIA - RO,10,58
CACAULÂNDIA - RO,11,58
CACAULÂNDIA - RO,12,3
CACHOEIRA DO ARARI - PA,1,4
CACHOEIRA DO ARARI - PA,6,1
CACHOEIRA DO ARARI - PA,7,9
CACHOEIRA DO ARARI - PA,8,33
CACHOEIRA DO ARARI - PA,9,96
CACHOEIRA DO ARARI - PA,10,100
CACHOEIRA DO ARARI - PA,11,71
CACHOEIRA DO ARARI - PA,12,22
CACHOEIRA DO PIRIÁ - PA,1,5
CACHOEIRA DO PIRIÁ - PA,2,6
CACHOEIRA DO PIRIÁ - PA,6,4
CACHOEIRA DO PIRIÁ - PA,7,10
CACHOEIRA DO PIRIÁ - PA,8,18
CACHOEIRA DO PIRIÁ - PA,9,48
CACHOEIRA DO PIRIÁ - PA,10,289
CACHOEIRA DO PIRIÁ - PA,11,454
CACHOEIRA DO PIRIÁ - PA,12,160
CACHOEIRA GRANDE - MA,7,3
CACHOEIRA GRANDE - MA,8,15
CACHOEIRA GRANDE - MA,9,13
CACHOEIRA GRANDE - MA,10,13
CACHOEIRA GRANDE - MA,11,12
CACHOEIRA GRANDE - MA,12,5
CACHOEIRINHA - TO,1,2
CACHOEIRINHA - TO,3,1
CACHOEIRINHA - TO,5,3
CACHOEIRINHA - TO,6,19
CACHOEIRINHA - TO,7,31
CACHOEIRINHA - TO,8,31
CACHOEIRINHA - TO,9,38
CACHOEIRINHA - TO,10,4
CACHOEIRINHA - TO,12,3
CACOAL - RO,3,1
CACOAL - RO,4,2
CACOAL - RO,5,1
CACOAL - RO,6,4
CACOAL - RO,7,25
CACOAL - RO,8,39
CACOAL - RO,9,122
CACOAL - RO,10,30
CACOAL - RO,11,19
CACOAL - RO,12,1
CAJAPIÓ - MA,10,13
CAJAPIÓ - MA,11,17
CAJAPIÓ - MA,12,1
CAJARI - MA,5,1
CAJARI - MA,7,1
CAJARI - MA,8,2
CAJARI - MA,9,5
CAJARI - MA,10,53
CAJARI - MA,11,68
CAJARI - MA,12,18
CALÇOENE - AP,3,2
CALÇOENE - AP,5,1
CALÇOENE - AP,6,3
CALÇOENE - AP,7,8
CALÇOENE - AP,8,31
CALÇOENE - AP,9,133
CALÇOENE - AP,10,410
CALÇOENE - AP,11,227
CALÇOENE - AP,12,18
CAMETÁ - PA,1,9
CAMETÁ - PA,2,1
CAMETÁ - PA,3,1
CAMETÁ - PA,4,1
CAMETÁ - PA,5,8
CAMETÁ - PA,6,51
CAMETÁ - PA,7,118
CAMETÁ - PA,8,99
CAMETÁ - PA,9,134
CAMETÁ - PA,10,683
CAMETÁ - PA,11,612
CAMETÁ - PA,12,74
CAMPESTRE DO MARANHÃO - MA,3,2
CAMPESTRE DO MARANHÃO - MA,5,2
CAMPESTRE DO MARANHÃO - MA,6,14
CAMPESTRE DO MARANHÃO - MA,7,14
CAMPESTRE DO MARANHÃO - MA,8,29
CAMPESTRE DO MARANHÃO - MA,9,13
CAMPESTRE DO MARANHÃO - MA,10,12
CAMPESTRE DO MARANHÃO - MA,11,9
CAMPESTRE DO MARANHÃO - MA,12,3
CAMPINÁPOLIS - MT,1,9
CAMPINÁPOLIS - MT,2,10
CAMPINÁPOLIS - MT,3,15
CAMPINÁPOLIS - MT,4,13
CAMPINÁPOLIS - MT,5,69
CAMPINÁPOLIS - MT,6,182
CAMPINÁPOLIS - MT,7,459
CAMPINÁPOLIS - MT,8,1664
CAMPINÁPOLIS - MT,9,824
CAMPINÁPOLIS - MT,10,81
CAMPINÁPOLIS - MT,11,16
CAMPINÁPOLIS - MT,12,5
CAMPO NOVO DE RONDÔNIA - RO,1,2
CAMPO NOVO DE RONDÔNIA - RO,4,1
CAMPO NOVO DE RONDÔNIA - RO,5,1
CAMPO NOVO DE RONDÔNIA - RO,7,25
CAMPO NOVO DE RONDÔNIA - RO,8,135
CAMPO NOVO DE RONDÔNIA - RO,9,179
CAMPO NOVO DE RONDÔNIA - RO,10,73
CAMPO NOVO DE RONDÔNIA - RO,11,39
CAMPO NOVO DE RONDÔNIA - RO,12,3
CAMPO NOVO DO PARECIS - MT,1,28
CAMPO NOVO DO PARECIS - MT,2,29
CAMPO NOVO DO PARECIS - MT,3,73
CAMPO NOVO DO PARECIS - MT,4,48
CAMPO NOVO DO PARECIS - MT,5,32
CAMPO NOVO DO PARECIS - MT,6,68
CAMPO NOVO DO PARECIS - MT,7,78
CAMPO NOVO DO PARECIS - MT,8,430
CAMPO NOVO DO PARECIS - MT,9,261
CAMPO NOVO DO PARECIS - MT,10,9
CAMPO NOVO DO PARECIS - MT,11,21
CAMPO NOVO DO PARECIS - MT,12,21
CAMPO VERDE - MT,1,10
CAMPO VERDE - MT,2,3
CAMPO VERDE - MT,3,21
CAMPO VERDE - MT,4,10
CAMPO VERDE - MT,5,8
CAMPO VERDE - MT,6,15
CAMPO VERDE - MT,7,12
CAMPO VERDE - MT,8,27
CAMPO VERDE - MT,9,41
CAMPO VERDE - MT,10,7
CAMPO VERDE - MT,11,11
CAMPO VERDE - MT,12,10
CAMPOS DE JÚLIO - MT,1,35
CAMPOS DE JÚLIO - MT,2,23
CAMPOS DE JÚLIO - MT,3,51
CAMPOS DE JÚLIO - MT,4,49
CAMPOS DE JÚLIO - MT,5,52
CAMPOS DE JÚLIO - MT,6,45
CAMPOS DE JÚLIO - MT,7,39
CAMPOS DE JÚLIO - MT,8,141
CAMPOS DE JÚLIO - MT,9,69
CAMPOS DE JÚLIO - MT,10,14
CAMPOS DE JÚLIO - MT,11,23
CAMPOS DE JÚLIO - MT,12,21
CAMPOS LINDOS - TO,1,6
CAMPOS LINDOS - TO,2,8
CAMPOS LINDOS - TO,3,6
CAMPOS LINDOS - TO,4,14
CAMPOS LINDOS - TO,5,53
CAMPOS LINDOS - TO,6,155
CAMPOS LINDOS - TO,7,95
CAMPOS LINDOS - TO,8,57
CAMPOS LINDOS - TO,9,230
CAMPOS LINDOS - TO,10,195
CAMPOS LINDOS - TO,11,18
CAMPOS LINDOS - TO,12,8
CANABRAVA DO NORTE - MT,1,9
CANABRAVA DO NORTE - MT,2,25
CANABRAVA DO NORTE - MT,3,36
CANABRAVA DO NORTE - MT,4,33
CANABRAVA DO NORTE - MT,5,53
CANABRAVA DO NORTE - MT,6,53
CANABRAVA DO NORTE - MT,7,37
CANABRAVA DO NORTE - MT,8,84
CANABRAVA DO NORTE - MT,9,267
CANABRAVA DO NORTE - MT,10,49
CANABRAVA DO NORTE - MT,11,22
CANABRAVA DO NORTE - MT,12,16
CANARANA - MT,1,63
CANARANA - MT,2,96
CANARANA - MT,3,114
CANARANA - MT,4,118
CANARANA - MT,5,203
CANARANA - MT,6,127
CANARANA - MT,7,158
CANARANA - MT,8,593
CANARANA - MT,9,463
CANARANA - MT,10,90
CANARANA - MT,11,21
CANARANA - MT,12,43
CANAÃ DOS CARAJÁS - PA,1,2
CANAÃ DOS CARAJÁS - PA,2,4
CANAÃ DOS CARAJÁS - PA,3,1
CANAÃ DOS CARAJÁS - PA,4,1
CANAÃ DOS CARAJÁS - PA,5,3
CANAÃ DOS CARAJÁS - PA,6,11
CANAÃ DOS CARAJÁS - PA,7,20
CANAÃ DOS CARAJÁS - PA,8,43
CANAÃ DOS CARAJÁS - PA,9,112
CANAÃ DOS CARAJÁS - PA,10,31
CANAÃ DOS CARAJÁS - PA,11,5
CANAÃ DOS CARAJÁS - PA,12,1
CANDEIAS DO JAMARI - RO,1,8
CANDEIAS DO JAMARI - RO,2,4
CANDEIAS DO JAMARI - RO,3,9
CANDEIAS DO JAMARI - RO,4,11
CANDEIAS DO JAMARI - RO,5,10
CANDEIAS DO JAMARI - RO,6,62
CANDEIAS DO JAMARI - RO,7,404
CANDEIAS DO JAMARI - RO,8,2435
CANDEIAS DO JAMARI - RO,9,1652
CANDEIAS DO JAMARI - RO,10,395
CANDEIAS DO JAMARI - RO,11,179
CANDEIAS DO JAMARI - RO,12,26
CANTANHEDE - MA,1,1
CANTANHEDE - MA,2,2
CANTANHEDE - MA,5,2
CANTANHEDE - MA,7,8
CANTANHEDE - MA,8,44
CANTANHEDE - MA,9,46
CANTANHEDE - MA,10,199
CANTANHEDE - MA,11,150
CANTANHEDE - MA,12,51
CANTÁ - RR,1,94
CANTÁ - RR,2,130
CANTÁ - RR,3,372
CANTÁ - RR,4,98
CANTÁ - RR,5,7
CANTÁ - RR,6,7
CANTÁ - RR,7,5
CANTÁ - RR,8,10
CANTÁ - RR,9,15
CANTÁ - RR,10,28
CANTÁ - RR,11,28
CANTÁ - RR,12,46
CANUTAMA - AM,1,2
CANUTAMA - AM,2,7
CANUTAMA - AM,3,3
CANUTAMA - AM,4,5
CANUTAMA - AM,5,11
CANUTAMA - AM,6,50
CANUTAMA - AM,7,457
CANUTAMA - AM,8,1642
CANUTAMA - AM,9,1552
CANUTAMA - AM,10,543
CANUTAMA - AM,11,90
CANUTAMA - AM,12,38
CAPANEMA - PA,1,12
CAPANEMA - PA,4,1
CAPANEMA - PA,7,2
CAPANEMA - PA,8,5
CAPANEMA - PA,9,10
CAPANEMA - PA,10,9
CAPANEMA - PA,11,49
CAPANEMA - PA,12,29
CAPINZAL DO NORTE - MA,1,5
CAPINZAL DO NORTE - MA,7,1
CAPINZAL DO NORTE - MA,8,9
CAPINZAL DO NORTE - MA,9,10
CAPINZAL DO NORTE - MA,10,59
CAPINZAL DO NORTE - MA,11,57
CAPINZAL DO NORTE - MA,12,36
CAPITÃO POÇO - PA,1,16
CAPITÃO POÇO - PA,2,13
CAPITÃO POÇO - PA,3,1
CAPITÃO POÇO - PA,4,3
CAPITÃO POÇO - PA,5,2
CAPITÃO POÇO - PA,6,6
CAPITÃO POÇO - PA,7,30
CAPITÃO POÇO - PA,8,27
CAPITÃO POÇO - PA,9,52
CAPITÃO POÇO - PA,10,175
CAPITÃO POÇO - PA,11,329
CAPITÃO POÇO - PA,12,181
CAPIXABA - AC,4,4
CAPIXABA - AC,5,6
CAPIXABA - AC,6,4
CAPIXABA - AC,7,31
CAPIXABA - AC,8,90
CAPIXABA - AC,9,470
CAPIXABA - AC,10,261
CAPIXABA - AC,11,32
CARACARAÍ - RR,1,204
CARACARAÍ - RR,2,416
CARACARAÍ - RR,3,621
CARACARAÍ - RR,4,183
CARACARAÍ - RR,5,4
CARACARAÍ - RR,8,13
CARACARAÍ - RR,9,23
CARACARAÍ - RR,10,53
CARACARAÍ - RR,11,182
CARACARAÍ - RR,12,78
CARAUARI - AM,3,1
CARAUARI - AM,5,2
CARAUARI - AM,6,1
CARAUARI - AM,7,45
CARAUARI - AM,8,179
CARAUARI - AM,9,136
CARAUARI - AM,10,34
CARAUARI - AM,11,2
CARAUARI - AM,12,1
CAREIRO - AM,1,10
CAREIRO - AM,2,5
CAREIRO - AM,3,1
CAREIRO - AM,4,4
CAREIRO - AM,5,8
CAREIRO - AM,6,23
CAREIRO - AM,7,87
CAREIRO - AM,8,191
CAREIRO - AM,9,239
CAREIRO - AM,10,248
CAREIRO - AM,11,48
CAREIRO - AM,12,19
CAREIRO DA VÁRZEA - AM,1,5
CAREIRO DA VÁRZEA - AM,2,8
CAREIRO DA VÁRZEA - AM,3,3
CAREIRO DA VÁRZEA - AM,4,4
CAREIRO DA VÁRZEA - AM,5,4
CAREIRO DA VÁRZEA - AM,6,13
CAREIRO DA VÁRZEA - AM,7,44
CAREIRO DA VÁRZEA - AM,8,137
CAREIRO DA VÁRZEA - AM,9,301
CAREIRO DA VÁRZEA - AM,10,224
CAREIRO DA VÁRZEA - AM,11,66
CAREIRO DA VÁRZEA - AM,12,40
CARIRI DO TOCANTINS - TO,1,6
CARIRI DO TOCANTINS - TO,2,4
CARIRI DO TOCANTINS - TO,3,5
CARIRI DO TOCANTINS - TO,4,5
CARIRI DO TOCANTINS - TO,5,14
CARIRI DO TOCANTINS - TO,6,19
CARIRI DO TOCANTINS - TO,7,11
CARIRI DO TOCANTINS - TO,8,9
CARIRI DO TOCANTINS - TO,9,17
CARIRI DO TOCANTINS - TO,10,14
CARIRI DO TOCANTINS - TO,11,14
CARIRI DO TOCANTINS - TO,12,3
CARLINDA - MT,1,5
CARLINDA - MT,2,6
CARLINDA - MT,3,3
CARLINDA - MT,5,21
CARLINDA - MT,6,14
CARLINDA - MT,7,10
CARLINDA - MT,8,2
CARLINDA - MT,9,18
CARLINDA - MT,10,19
CARLINDA - MT,11,1
CARLINDA - MT,12,2
CARMOLÂNDIA - TO,7,1
CARMOLÂNDIA - TO,8,12
CARMOLÂNDIA - TO,9,8
CARMOLÂNDIA - TO,10,4
CARMOLÂNDIA - TO,11,7
CARMOLÂNDIA - TO,12,1
CAROEBE - RR,1,192
CAROEBE - RR,2,135
CAROEBE - RR,3,169
CAROEBE - RR,4,23
CAROEBE - RR,6,4
CAROEBE - RR,7,6
CAROEBE - RR,8,27
CAROEBE - RR,9,83
CAROEBE - RR,10,163
CAROEBE - RR,11,159
CAROEBE - RR,12,110
CAROLINA - MA,1,10
CAROLINA - MA,2,16
CAROLINA - MA,3,27
CAROLINA - MA,4,42
CAROLINA - MA,5,171
CAROLINA - MA,6,246
CAROLINA - MA,7,200
CAROLINA - MA,8,241
CAROLINA - MA,9,623
CAROLINA - MA,10,436
CAROLINA - MA,11,95
CAROLINA - MA,12,28
CARRASCO BONITO - TO,1,1
CARRASCO BONITO - TO,4,1
CARRASCO BONITO - TO,8,5
CARRASCO BONITO - TO,9,4
CARRASCO BONITO - TO,10,3
CARRASCO BONITO - TO,11,3
CARRASCO BONITO - TO,12,2
CARUTAPERA - MA,1,19
CARUTAPERA - MA,2,3
CARUTAPERA - MA,7,1
CARUTAPERA - MA,8,6
CARUTAPERA - MA,9,34
CARUTAPERA - MA,10,30
CARUTAPERA - MA,11,111
CARUTAPERA - MA,12,134
CASEARA - TO,1,8
CASEARA - TO,2,12
CASEARA - TO,3,23
CASEARA - TO,4,10
CASEARA - TO,5,44
CASEARA - TO,6,25
CASEARA - TO,7,13
CASEARA - TO,8,50
CASEARA - TO,9,71
CASEARA - TO,10,16
CASEARA - TO,11,9
CASEARA - TO,12,15
CASTANHAL - PA,1,3
CASTANHAL - PA,2,2
CASTANHAL - PA,6,1
CASTANHAL - PA,7,14
CASTANHAL - PA,8,16
CASTANHAL - PA,9,18
CASTANHAL - PA,10,45
CASTANHAL - PA,11,48
CASTANHAL - PA,12,20
CASTANHEIRA - MT,1,2
CASTANHEIRA - MT,3,1
CASTANHEIRA - MT,4,2
CASTANHEIRA - MT,5,8
CASTANHEIRA - MT,6,9
CASTANHEIRA - MT,7,6
CASTANHEIRA - MT,8,35
CASTANHEIRA - MT,9,87
CASTANHEIRA - MT,10,73
CASTANHEIRA - MT,11,16
CASTANHEIRA - MT,12,8
CASTANHEIRAS - RO,2,2
CASTANHEIRAS - RO,3,3
CASTANHEIRAS - RO,6,3
CASTANHEIRAS - RO,7,6
CASTANHEIRAS - RO,8,3
CASTANHEIRAS - RO,9,12
CASTANHEIRAS - RO,10,3
CASTANHEIRAS - RO,11,1
CASTANHEIRAS - RO,12,2
CEDRAL - MA,1,3
CEDRAL - MA,7,1
CEDRAL - MA,8,14
CEDRAL - MA,9,31
CEDRAL - MA,10,2
CEDRAL - MA,11,14
CEDRAL - MA,12,60
CENTENÁRIO - TO,1,2
CENTENÁRIO - TO,2,3
CENTENÁRIO - TO,3,3
CENTENÁRIO - TO,4,2
CENTENÁRIO - TO,5,37
CENTENÁRIO - TO,6,137
CENTENÁRIO - TO,7,48
CENTENÁRIO - TO,8,141
CENTENÁRIO - TO,9,203
CENTENÁRIO - TO,10,162
CENTENÁRIO - TO,11,19
CENTENÁRIO - TO,12,10
CENTRAL DO MARANHÃO - MA,1,2
CENTRAL DO MARANHÃO - MA,7,1
CENTRAL DO MARANHÃO - MA,8,3
CENTRAL DO MARANHÃO - MA,9,14
CENTRAL DO MARANHÃO - MA,10,4
CENTRAL DO MARANHÃO - MA,11,9
CENTRAL DO MARANHÃO - MA,12,29
CENTRO DO GUILHERME - MA,1,1
CENTRO DO GUILHERME - MA,5,1
CENTRO DO GUILHERME - MA,7,2
CENTRO DO GUILHERME - MA,8,1
CENTRO DO GUILHERME - MA,9,21
CENTRO DO GUILHERME - MA,10,104
CENTRO DO GUILHERME - MA,11,111
CENTRO DO GUILHERME - MA,12,37
CENTRO NOVO DO MARANHÃO - MA,1,6
CENTRO NOVO DO MARANHÃO - MA,2,3
CENTRO NOVO DO MARANHÃO - MA,3,1
CENTRO NOVO DO MARANHÃO - MA,5,2
CENTRO NOVO DO MARANHÃO - MA,6,11
CENTRO NOVO DO MARANHÃO - MA,7,9
CENTRO NOVO DO MARANHÃO - MA,8,40
CENTRO NOVO DO MARANHÃO - MA,9,52
CENTRO NOVO DO MARANHÃO - MA,10,180
CENTRO NOVO DO MARANHÃO - MA,11,307
CENTRO NOVO DO MARANHÃO - MA,12,99
CEREJEIRAS - RO,1,7
CEREJEIRAS - RO,2,5
CEREJEIRAS - RO,3,2
CEREJEIRAS - RO,4,1
CEREJEIRAS - RO,5,4
CEREJEIRAS - RO,6,3
CEREJEIRAS - RO,7,15
CEREJEIRAS - RO,8,11
CEREJEIRAS - RO,9,173
CEREJEIRAS - RO,10,115
CEREJEIRAS - RO,11,27
CEREJEIRAS - RO,12,7
CHAPADA DA NATIVIDADE - TO,2,3
CHAPADA DA NATIVIDADE - TO,3,3
CHAPADA DA NATIVIDADE - TO,4,8
CHAPADA DA NATIVIDADE - TO,5,40
CHAPADA DA NATIVIDADE - TO,6,26
CHAPADA DA NATIVIDADE - TO,7,38
CHAPADA DA NATIVIDADE - TO,8,12
CHAPADA DA NATIVIDADE - TO,9,156
CHAPADA DA NATIVIDADE - TO,10,113
CHAPADA DA NATIVIDADE - TO,11,13
CHAPADA DA NATIVIDADE - TO,12,2
CHAPADA DE AREIA - TO,4,2
CHAPADA DE AREIA - TO,5,9
CHAPADA DE AREIA - TO,6,7
CHAPADA DE AREIA - TO,7,6
CHAPADA DE AREIA - TO,8,8
CHAPADA DE AREIA - TO,9,6
CHAPADA DE AREIA - TO,10,18
CHAPADA DE AREIA - TO,11,6
CHAPADA DE AREIA - TO,12,2
CHAPADA DOS GUIMARÃES - MT,1,10
CHAPADA DOS GUIMARÃES - MT,2,3
CHAPADA DOS GUIMARÃES - MT,3,22
CHAPADA DOS GUIMARÃES - MT,4,11
CHAPADA DOS GUIMARÃES - MT,5,11
CHAPADA DOS GUIMARÃES - MT,6,19
CHAPADA DOS GUIMARÃES - MT,7,51
CHAPADA DOS GUIMARÃES - MT,8,163
CHAPADA DOS GUIMARÃES - MT,9,591
CHAPADA DOS GUIMARÃES - MT,10,100
CHAPADA DOS GUIMARÃES - MT,11,27
CHAPADA DOS GUIMARÃES - MT,12,7
CHAVES - PA,2,1
CHAVES - PA,7,1
CHAVES - PA,8,7
CHAVES - PA,9,52
CHAVES - PA,10,166
CHAVES - PA,11,324
CHAVES - PA,12,52
CHUPINGUAIA - RO,1,4
CHUPINGUAIA - RO,2,1
CHUPINGUAIA - RO,3,16
CHUPINGUAIA - RO,4,7
CHUPINGUAIA - RO,5,9
CHUPINGUAIA - RO,6,2
CHUPINGUAIA - RO,7,18
CHUPINGUAIA - RO,8,123
CHUPINGUAIA - RO,9,188
CHUPINGUAIA - RO,10,47
CHUPINGUAIA - RO,11,23
CHUPINGUAIA - RO,12,2
CIDELÂNDIA - MA,1,5
CIDELÂNDIA - MA,2,3
CIDELÂNDIA - MA,3,2
CIDELÂNDIA - MA,4,6
CIDELÂNDIA - MA,5,6
CIDELÂNDIA - MA,6,4
CIDELÂNDIA - MA,7,22
CIDELÂNDIA - MA,8,40
CIDELÂNDIA - MA,9,52
CIDELÂNDIA - MA,10,52
CIDELÂNDIA - MA,11,61
CIDELÂNDIA - MA,12,37
CLÁUDIA - MT,1,32
CLÁUDIA - MT,2,65
CLÁUDIA - MT,3,72
CLÁUDIA - MT,4,23
CLÁUDIA - MT,5,158
CLÁUDIA - MT,6,122
CLÁUDIA - MT,7,87
CLÁUDIA - MT,8,316
CLÁUDIA - MT,9,333
CLÁUDIA - MT,10,90
CLÁUDIA - MT,11,35
CLÁUDIA - MT,12,26
COARI - AM,1,10
COARI - AM,2,1
COARI - AM,3,12
COARI - AM,4,4
COARI - AM,5,4
COARI - AM,6,8
COARI - AM,7,66
COARI - AM,8,384
COARI - AM,9,380
COARI - AM,10,112
COARI - AM,11,54
COARI - AM,12,8
COCALINHO - MT,1,10
COCALINHO - MT,2,5
COCALINHO - MT,3,19
COCALINHO - MT,4,43
COCALINHO - MT,5,71
COCALINHO - MT,6,94
COCALINHO - MT,7,90
COCALINHO - MT,8,415
COCALINHO - MT,9,1227
COCALINHO - MT,10,444
COCALINHO - MT,11,97
COCALINHO - MT,12,16
CODAJÁS - AM,1,1
CODAJÁS - AM,2,3
CODAJÁS - AM,3,1
CODAJÁS - AM,5,1
CODAJÁS - AM,6,1
CODAJÁS - AM,7,11
CODAJÁS - AM,8,60
CODAJÁS - AM,9,54
CODAJÁS - AM,10,27
CODAJÁS - AM,11,13
CODAJÁS - AM,12,1
CODÓ - MA,1,13
CODÓ - MA,2,3
CODÓ - MA,7,17
CODÓ - MA,8,36
CODÓ - MA,9,43
CODÓ - MA,10,83
CODÓ - MA,11,79
CODÓ - MA,12,45
COLARES - PA,7,2
COLARES - PA,8,3
COLARES - PA,9,7
COLARES - PA,10,6
COLARES - PA,11,7
COLARES - PA,12,1
COLINAS - MA,1,7
COLINAS - MA,2,3
COLINAS - MA,3,1
COLINAS - MA,4,2
COLINAS - MA,5,16
COLINAS - MA,6,46
COLINAS - MA,7,65
COLINAS - MA,8,152
COLINAS - MA,9,418
COLINAS - MA,10,278
COLINAS - MA,11,72
COLINAS - MA,12,29
COLINAS DO TOCANTINS - TO,6,2
COLINAS DO TOCANTINS - TO,7,3
COLINAS DO TOCANTINS - TO,8,13
COLINAS DO TOCANTINS - TO,9,12
COLINAS DO TOCANTINS - TO,10,1
COLINAS DO TOCANTINS - TO,11,2
COLMÉIA - TO,2,1
COLMÉIA - TO,5,6
COLMÉIA - TO,6,10
COLMÉIA - TO,7,10
COLMÉIA - TO,8,5
COLMÉIA - TO,9,42
COLMÉIA - TO,10,22
COLMÉIA - TO,11,10
COLMÉIA - TO,12,5
COLNIZA - MT,1,27
COLNIZA - MT,2,7
COLNIZA - MT,3,11
COLNIZA - MT,4,1
COLNIZA - MT,5,36
COLNIZA - MT,6,193
COLNIZA - MT,7,1056
COLNIZA - MT,8,5140
COLNIZA - MT,9,3589
COLNIZA - MT,10,956
COLNIZA - MT,11,267
COLNIZA - MT,12,44
COLORADO DO OESTE - RO,3,2
COLORADO DO OESTE - RO,7,3
COLORADO DO OESTE - RO,9,1
COLORADO DO OESTE - RO,10,2
COLORADO DO OESTE - RO,11,2
COLÍDER - MT,1,5
COLÍDER - MT,2,9
COLÍDER - MT,3,7
COLÍDER - MT,4,1
COLÍDER - MT,5,15
COLÍDER - MT,6,15
COLÍDER - MT,7,5
COLÍDER - MT,8,9
COLÍDER - MT,9,33
COLÍDER - MT,10,37
COLÍDER - MT,11,10
COLÍDER - MT,12,5
COMBINADO - TO,8,20
COMBINADO - TO,9,4
COMBINADO - TO,10,3
COMBINADO - TO,11,7
COMODORO - MT,1,63
COMODORO - MT,2,48
COMODORO - MT,3,85
COMODORO - MT,4,83
COMODORO - MT,5,147
COMODORO - MT,6,256
COMODORO - MT,7,146
COMODORO - MT,8,740
COMODORO - MT,9,937
COMODORO - MT,10,198
COMODORO - MT,11,207
COMODORO - MT,12,37
CONCEIÇÃO DO ARAGUAIA - PA,1,16
CONCEIÇÃO DO ARAGUAIA - PA,2,18
CONCEIÇÃO DO ARAGUAIA - PA,3,17
CONCEIÇÃO DO ARAGUAIA - PA,4,16
CONCEIÇÃO DO ARAGUAIA - PA,5,76
CONCEIÇÃO DO ARAGUAIA - PA,6,108
CONCEIÇÃO DO ARAGUAIA - PA,7,118
CONCEIÇÃO DO ARAGUAIA - PA,8,278
CONCEIÇÃO DO ARAGUAIA - PA,9,673
CONCEIÇÃO DO ARAGUAIA - PA,10,393
CONCEIÇÃO DO ARAGUAIA - PA,11,126
CONCEIÇÃO DO ARAGUAIA - PA,12,21
CONCEIÇÃO DO LAGO-AÇU - MA,5,1
CONCEIÇÃO DO LAGO-AÇU - MA,6,2
CONCEIÇÃO DO LAGO-AÇU - MA,7,6
CONCEIÇÃO DO LAGO-AÇU - MA,8,7
CONCEIÇÃO DO LAGO-AÇU - MA,9,17
CONCEIÇÃO DO LAGO-AÇU - MA,10,76
CONCEIÇÃO DO LAGO-AÇU - MA,11,77
CONCEIÇÃO DO LAGO-AÇU - MA,12,28
CONCEIÇÃO DO TOCANTINS - TO,3,2
CONCEIÇÃO DO TOCANTINS - TO,5,29
CONCEIÇÃO DO TOCANTINS - TO,6,68
CONCEIÇÃO DO TOCANTINS - TO,7,79
CONCEIÇÃO DO TOCANTINS - TO,8,171
CONCEIÇÃO DO TOCANTINS - TO,9,307
CONCEIÇÃO DO TOCANTINS - TO,10,286
CONCEIÇÃO DO TOCANTINS - TO,11,13
CONCEIÇÃO DO TOCANTINS - TO,12,5
CONCÓRDIA DO PARÁ - PA,1,1
CONCÓRDIA DO PARÁ - PA,6,9
CONCÓRDIA DO PARÁ - PA,7,45
CONCÓRDIA DO PARÁ - PA,8,54
CONCÓRDIA DO PARÁ - PA,9,69
CONCÓRDIA DO PARÁ - PA,10,96
CONCÓRDIA DO PARÁ - PA,11,124
CONCÓRDIA DO PARÁ - PA,12,36
CONFRESA - MT,1,10
CONFRESA - MT,2,31
CONFRESA - MT,3,21
CONFRESA - MT,4,25
CONFRESA - MT,5,146
CONFRESA - MT,6,276
CONFRESA - MT,7,76
CONFRESA - MT,8,186
CONFRESA - MT,9,475
CONFRESA - MT,10,177
CONFRESA - MT,11,63
CONFRESA - MT,12,29
CONQUISTA D'OESTE - MT,3,2
CONQUISTA D'OESTE - MT,4,5
CONQUISTA D'OESTE - MT,5,20
CONQUISTA D'OESTE - MT,6,45
CONQUISTA D'OESTE - MT,7,85
CONQUISTA D'OESTE - MT,8,447
CONQUISTA D'OESTE - MT,9,410
CONQUISTA D'OESTE - MT,10,27
CONQUISTA D'OESTE - MT,11,14
CONQUISTA D'OESTE - MT,12,2
COROATÁ - MA,1,17
COROATÁ - MA,2,1
COROATÁ - MA,3,2
COROATÁ - MA,4,3
COROATÁ - MA,5,1
COROATÁ - MA,6,8
COROATÁ - MA,7,17
COROATÁ - MA,8,37
COROATÁ - MA,9,143
COROATÁ - MA,10,454
COROATÁ - MA,11,243
COROATÁ - MA,12,114
CORUMBIARA - RO,1,11
CORUMBIARA - RO,2,6
CORUMBIARA - RO,3,11
CORUMBIARA - RO,4,7
CORUMBIARA - RO,5,10
CORUMBIARA - RO,6,5
CORUMBIARA - RO,7,17
CORUMBIARA - RO,8,35
CORUMBIARA - RO,9,57
CORUMBIARA - RO,10,32
CORUMBIARA - RO,11,18
CORUMBIARA - RO,12,6
COSTA MARQUES - RO,1,24
COSTA MARQUES - RO,2,13
COSTA MARQUES - RO,3,12
COSTA MARQUES - RO,4,4
COSTA MARQUES - RO,5,9
COSTA MARQUES - RO,6,5
COSTA MARQUES - RO,7,30
COSTA MARQUES - RO,8,79
COSTA MARQUES - RO,9,225
COSTA MARQUES - RO,10,258
COSTA MARQUES - RO,11,163
COSTA MARQUES - RO,12,30
COTRIGUAÇU - MT,1,1
COTRIGUAÇU - MT,4,1
COTRIGUAÇU - MT,5,11
COTRIGUAÇU - MT,6,30
COTRIGUAÇU - MT,7,112
COTRIGUAÇU - MT,8,283
COTRIGUAÇU - MT,9,884
COTRIGUAÇU - MT,10,239
COTRIGUAÇU - MT,11,31
COTRIGUAÇU - MT,12,11
COUTO MAGALHÃES - TO,2,1
COUTO MAGALHÃES - TO,3,1
COUTO MAGALHÃES - TO,4,6
COUTO MAGALHÃES - TO,5,22
COUTO MAGALHÃES - TO,6,33
COUTO MAGALHÃES - TO,7,14
COUTO MAGALHÃES - TO,8,42
COUTO MAGALHÃES - TO,9,78
COUTO MAGALHÃES - TO,10,47
COUTO MAGALHÃES - TO,11,13
COUTO MAGALHÃES - TO,12,8
CRISTALÂNDIA - TO,1,2
CRISTALÂNDIA - TO,2,3
CRISTALÂNDIA - TO,3,5
CRISTALÂNDIA - TO,4,6
CRISTALÂNDIA - TO,5,66
CRISTALÂNDIA - TO,6,97
CRISTALÂNDIA - TO,7,75
CRISTALÂNDIA - TO,8,39
CRISTALÂNDIA - TO,9,96
CRISTALÂNDIA - TO,10,61
CRISTALÂNDIA - TO,11,24
CRISTALÂNDIA - TO,12,11
CRIXÁS DO TOCANTINS - TO,2,1
CRIXÁS DO TOCANTINS - TO,3,4
CRIXÁS DO TOCANTINS - TO,4,2
CRIXÁS DO TOCANTINS - TO,5,12
CRIXÁS DO TOCANTINS - TO,6,9
CRIXÁS DO TOCANTINS - TO,7,8
CRIXÁS DO TOCANTINS - TO,8,8
CRIXÁS DO TOCANTINS - TO,9,23
CRIXÁS DO TOCANTINS - TO,10,11
CRIXÁS DO TOCANTINS - TO,11,4
CRIXÁS DO TOCANTINS - TO,12,12
CRUZEIRO DO SUL - AC,1,18
CRUZEIRO DO SUL - AC,2,7
CRUZEIRO DO SUL - AC,4,7
CRUZEIRO DO SUL - AC,5,21
CRUZEIRO DO SUL - AC,6,41
CRUZEIRO DO SUL - AC,7,192
CRUZEIRO DO SUL - AC,8,1007
CRUZEIRO DO SUL - AC,9,1394
CRUZEIRO DO SUL - AC,10,378
CRUZEIRO DO SUL - AC,11,41
CUIABÁ - MT,1,2
CUIABÁ - MT,2,3
CUIABÁ - MT,3,2
CUIABÁ - MT,4,4
CUIABÁ - MT,5,12
CUIABÁ - MT,6,28
CUIABÁ - MT,7,162
CUIABÁ - MT,8,455
CUIABÁ - MT,9,514
CUIABÁ - MT,10,42
CUIABÁ - MT,11,7
CUIABÁ - MT,12,7
CUJUBIM - RO,1,4
CUJUBIM - RO,2,2
CUJUBIM - RO,3,3
CUJUBIM - RO,4,6
CUJUBIM - RO,5,13
CUJUBIM - RO,6,15
CUJUBIM - RO,7,299
CUJUBIM - RO,8,1700
CUJUBIM - RO,9,1176
CUJUBIM - RO,10,321
CUJUBIM - RO,11,109
CUJUBIM - RO,12,17
CUMARU DO NORTE - PA,1,11
CUMARU DO NORTE - PA,2,11
CUMARU DO NORTE - PA,3,4
CUMARU DO NORTE - PA,5,74
CUMARU DO NORTE - PA,6,112
CUMARU DO NORTE - PA,7,93
CUMARU DO NORTE - PA,8,536
CUMARU DO NORTE - PA,9,2308
CUMARU DO NORTE - PA,10,279
CUMARU DO NORTE - PA,11,47
CUMARU DO NORTE - PA,12,19
CURIONÓPOLIS - PA,1,2
CURIONÓPOLIS - PA,4,1
CURIONÓPOLIS - PA,6,7
CURIONÓPOLIS - PA,7,19
CURIONÓPOLIS - PA,8,47
CURIONÓPOLIS - PA,9,98
CURIONÓPOLIS - PA,10,59
CURIONÓPOLIS - PA,11,12
CURIONÓPOLIS - PA,12,8
CURRALINHO - PA,4,2
CURRALINHO - PA,6,9
CURRALINHO - PA,7,61
CURRALINHO - PA,8,152
CURRALINHO - PA,9,156
CURRALINHO - PA,10,127
CURRALINHO - PA,11,50
CURRALINHO - PA,12,7
CURURUPU - MA,1,3
CURURUPU - MA,3,2
CURURUPU - MA,7,1
CURURUPU - MA,8,37
CURURUPU - MA,9,135
CURURUPU - MA,10,22
CURURUPU - MA,11,126
CURURUPU - MA,12,130
CURUÁ - PA,1,5
CURUÁ - PA,2,5
CURUÁ - PA,3,1
CURUÁ - PA,5,4
CURUÁ - PA,6,10
CURUÁ - PA,7,12
CURUÁ - PA,8,26
CURUÁ - PA,9,88
CURUÁ - PA,10,173
CURUÁ - PA,11,152
CURUÁ - PA,12,67
CURUÇÁ - PA,1,3
CURUÇÁ - PA,2,1
CURUÇÁ - PA,7,4
CURUÇÁ - PA,8,8
CURUÇÁ - PA,9,3
CURUÇÁ - PA,10,15
CURUÇÁ - PA,11,57
CURUÇÁ - PA,12,26
CURVELÂNDIA - MT,9,16
CURVELÂNDIA - MT,10,3
CURVELÂNDIA - MT,11,4
CURVELÂNDIA - MT,12,1
CUTIAS - AP,9,4
CUTIAS - AP,10,71
CUTIAS - AP,11,54
CUTIAS - AP,12,8
CÁCERES - MT,1,156
CÁCERES - MT,2,89
CÁCERES - MT,3,86
CÁCERES - MT,4,82
CÁCERES - MT,5,160
CÁCERES - MT,6,188
CÁCERES - MT,7,244
CÁCERES - MT,8,1371
CÁCERES - MT,9,3035
CÁCERES - MT,10,1412
CÁCERES - MT,11,502
CÁCERES - MT,12,189
CÂNDIDO MENDES - MA,1,16
CÂNDIDO MENDES - MA,2,2
CÂNDIDO MENDES - MA,7,7
CÂNDIDO MENDES - MA,8,31
CÂNDIDO MENDES - MA,9,131
CÂNDIDO MENDES - MA,10,47
CÂNDIDO MENDES - MA,11,194
CÂNDIDO MENDES - MA,12,237
DARCINÓPOLIS - TO,1,8
DARCINÓPOLIS - TO,2,10
DARCINÓPOLIS - TO,3,9
DARCINÓPOLIS - TO,4,7
DARCINÓPOLIS - TO,5,44
DARCINÓPOLIS - TO,6,44
DARCINÓPOLIS - TO,7,33
DARCINÓPOLIS - TO,8,66
DARCINÓPOLIS - TO,9,90
DARCINÓPOLIS - TO,10,29
DARCINÓPOLIS - TO,11,45
DARCINÓPOLIS - TO,12,8
DAVINÓPOLIS - MA,1,1
DAVINÓPOLIS - MA,4,5
DAVINÓPOLIS - MA,5,1
DAVINÓPOLIS - MA,6,3
DAVINÓPOLIS - MA,7,6
DAVINÓPOLIS - MA,8,3
DAVINÓPOLIS - MA,9,8
DAVINÓPOLIS - MA,10,9
DAVINÓPOLIS - MA,11,10
DAVINÓPOLIS - MA,12,6
DENISE - MT,1,21
DENISE - MT,2,9
DENISE - MT,3,11
DENISE - MT,4,11
DENISE - MT,5,6
DENISE - MT,6,4
DENISE - MT,7,3
DENISE - MT,8,5
DENISE - MT,10,7
DENISE - MT,11,5
DENISE - MT,12,4
DIAMANTINO - MT,1,49
DIAMANTINO - MT,2,36
DIAMANTINO - MT,3,77
DIAMANTINO - MT,4,55
DIAMANTINO - MT,5,58
DIAMANTINO - MT,6,36
DIAMANTINO - MT,7,46
DIAMANTINO - MT,8,153
DIAMANTINO - MT,9,352
DIAMANTINO - MT,10,14
DIAMANTINO - MT,11,20
DIAMANTINO - MT,12,32
DIANÓPOLIS - TO,1,5
DIANÓPOLIS - TO,2,9
DIANÓPOLIS - TO,3,3
DIANÓPOLIS - TO,4,1
DIANÓPOLIS - TO,5,86
DIANÓPOLIS - TO,6,67
DIANÓPOLIS - TO,7,106
DIANÓPOLIS - TO,8,151
DIANÓPOLIS - TO,9,242
DIANÓPOLIS - TO,10,138
DIANÓPOLIS - TO,11,11
DIANÓPOLIS - TO,12,8
DIVINÓPOLIS DO TOCANTINS - TO,2,8
DIVINÓPOLIS DO TOCANTINS - TO,3,24
DIVINÓPOLIS DO TOCANTINS - TO,4,7
DIVINÓPOLIS DO TOCANTINS - TO,5,31
DIVINÓPOLIS DO TOCANTINS - TO,6,18
DIVINÓPOLIS DO TOCANTINS - TO,7,17
DIVINÓPOLIS DO TOCANTINS - TO,8,52
DIVINÓPOLIS DO TOCANTINS - TO,9,105
DIVINÓPOLIS DO TOCANTINS - TO,10,31
DIVINÓPOLIS DO TOCANTINS - TO,11,31
DIVINÓPOLIS DO TOCANTINS - TO,12,8
DOIS IRMÃOS DO TOCANTINS - TO,1,2
DOIS IRMÃOS DO TOCANTINS - TO,2,2
DOIS IRMÃOS DO TOCANTINS - TO,3,4
DOIS IRMÃOS DO TOCANTINS - TO,4,11
DOIS IRMÃOS DO TOCANTINS - TO,5,49
DOIS IRMÃOS DO TOCANTINS - TO,6,90
DOIS IRMÃOS DO TOCANTINS - TO,7,45
DOIS IRMÃOS DO TOCANTINS - TO,8,76
DOIS IRMÃOS DO TOCANTINS - TO,9,154
DOIS IRMÃOS DO TOCANTINS - TO,10,107
DOIS IRMÃOS DO TOCANTINS - TO,11,36
DOIS IRMÃOS DO TOCANTINS - TO,12,11
DOM AQUINO - MT,1,4
DOM AQUINO - MT,2,3
DOM AQUINO - MT,3,2
DOM AQUINO - MT,4,2
DOM AQUINO - MT,5,3
DOM AQUINO - MT,6,24
DOM AQUINO - MT,7,14
DOM AQUINO - MT,8,185
DOM AQUINO - MT,9,66
DOM AQUINO - MT,10,20
DOM AQUINO - MT,11,4
DOM AQUINO - MT,12,4
DOM ELISEU - PA,1,45
DOM ELISEU - PA,2,8
DOM ELISEU - PA,3,6
DOM ELISEU - PA,4,8
DOM ELISEU - PA,5,43
DOM ELISEU - PA,6,156
DOM ELISEU - PA,7,233
DOM ELISEU - PA,8,165
DOM ELISEU - PA,9,169
DOM ELISEU - PA,10,179
DOM ELISEU - PA,11,183
DOM ELISEU - PA,12,118
DOM PEDRO - MA,1,1
DOM PEDRO - MA,4,1
DOM PEDRO - MA,5,1
DOM PEDRO - MA,6,2
DOM PEDRO - MA,7,9
DOM PEDRO - MA,8,7
DOM PEDRO - MA,9,8
DOM PEDRO - MA,10,15
DOM PEDRO - MA,11,21
DOM PEDRO - MA,12,17
DUERÉ - TO,1,6
DUERÉ - TO,2,7
DUERÉ - TO,3,7
DUERÉ - TO,4,17
DUERÉ - TO,5,151
DUERÉ - TO,6,85
DUERÉ - TO,7,106
DUERÉ - TO,8,148
DUERÉ - TO,9,274
DUERÉ - TO,10,52
DUERÉ - TO,11,19
DUERÉ - TO,12,13
EIRUNEPÉ - AM,5,1
EIRUNEPÉ - AM,6,7
EIRUNEPÉ - AM,7,69
EIRUNEPÉ - AM,8,380
EIRUNEPÉ - AM,9,275
EIRUNEPÉ - AM,10,58
EIRUNEPÉ - AM,11,14
EIRUNEPÉ - AM,12,2
ELDORADO DO CARAJÁS - PA,1,3
ELDORADO DO CARAJÁS - PA,2,1
ELDORADO DO CARAJÁS - PA,3,3
ELDORADO DO CARAJÁS - PA,4,1
ELDORADO DO CARAJÁS - PA,5,7
ELDORADO DO CARAJÁS - PA,6,5
ELDORADO DO CARAJÁS - PA,7,14
ELDORADO DO CARAJÁS - PA,8,39
ELDORADO DO CARAJÁS - PA,9,66
ELDORADO DO CARAJÁS - PA,10,91
ELDORADO DO CARAJÁS - PA,11,50
ELDORADO DO CARAJÁS - PA,12,19
ENVIRA - AM,5,2
ENVIRA - AM,6,5
ENVIRA - AM,7,44
ENVIRA - AM,8,445
ENVIRA - AM,9,599
ENVIRA - AM,10,89
ENVIRA - AM,11,21
ENVIRA - AM,12,1
EPITACIOLÂNDIA - AC,1,1
EPITACIOLÂNDIA - AC,3,3
EPITACIOLÂNDIA - AC,4,1
EPITACIOLÂNDIA - AC,5,8
EPITACIOLÂNDIA - AC,6,9
EPITACIOLÂNDIA - AC,7,20
EPITACIOLÂNDIA - AC,8,53
EPITACIOLÂNDIA - AC,9,237
EPITACIOLÂNDIA - AC,10,404
EPITACIOLÂNDIA - AC,11,64
ESPERANTINA - TO,1,1
ESPERANTINA - TO,3,2
ESPERANTINA - TO,7,5
ESPERANTINA - TO,8,11
ESPERANTINA - TO,9,24
ESPERANTINA - TO,10,23
ESPERANTINA - TO,11,19
ESPERANTINA - TO,12,8
ESPERANTINÓPOLIS - MA,1,2
ESPERANTINÓPOLIS - MA,2,2
ESPERANTINÓPOLIS - MA,5,3
ESPERANTINÓPOLIS - MA,6,11
ESPERANTINÓPOLIS - MA,7,17
ESPERANTINÓPOLIS - MA,8,16
ESPERANTINÓPOLIS - MA,9,30
ESPERANTINÓPOLIS - MA,10,73
ESPERANTINÓPOLIS - MA,11,45
ESPERANTINÓPOLIS - MA,12,19
ESPIGÃO D'OESTE - RO,1,4
ESPIGÃO D'OESTE - RO,3,2
ESPIGÃO D'OESTE - RO,4,1
ESPIGÃO D'OESTE - RO,5,4
ESPIGÃO D'OESTE - RO,6,8
ESPIGÃO D'OESTE - RO,7,19
ESPIGÃO D'OESTE - RO,8,152
ESPIGÃO D'OESTE - RO,9,180
ESPIGÃO D'OESTE - RO,10,50
ESPIGÃO D'OESTE - RO,11,33
ESPIGÃO D'OESTE - RO,12,9
ESTREITO - MA,1,12
ESTREITO - MA,2,7
ESTREITO - MA,3,10
ESTREITO - MA,4,9
ESTREITO - MA,5,19
ESTREITO - MA,6,52
ESTREITO - MA,7,40
ESTREITO - MA,8,37
ESTREITO - MA,9,106
ESTREITO - MA,10,157
ESTREITO - MA,11,53
ESTREITO - MA,12,25
FARO - PA,1,1
FARO - PA,2,2
FARO - PA,6,2
FARO - PA,7,1
FARO - PA,8,13
FARO - PA,9,65
FARO - PA,10,119
FARO - PA,11,53
FARO - PA,12,9
FEIJÓ - AC,1,1
FEIJÓ - AC,3,3
FEIJÓ - AC,4,1
FEIJÓ - AC,5,12
FEIJÓ - AC,6,34
FEIJÓ - AC,7,353
FEIJÓ - AC,8,3968
FEIJÓ - AC,9,3746
FEIJÓ - AC,10,585
FEIJÓ - AC,11,112
FEIJÓ - AC,12,4
FEIRA NOVA DO MARANHÃO - MA,1,1
FEIRA NOVA DO MARANHÃO - MA,3,1
FEIRA NOVA DO MARANHÃO - MA,5,3
FEIRA NOVA DO MARANHÃO - MA,6,8
FEIRA NOVA DO MARANHÃO - MA,7,3
FEIRA NOVA DO MARANHÃO - MA,8,5
FEIRA NOVA DO MARANHÃO - MA,9,97
FEIRA NOVA DO MARANHÃO - MA,10,105
FEIRA NOVA DO MARANHÃO - MA,11,41
FEIRA NOVA DO MARANHÃO - MA,12,10
FELIZ NATAL - MT,1,130
FELIZ NATAL - MT,2,181
FELIZ NATAL - MT,3,159
FELIZ NATAL - MT,4,124
FELIZ NATAL - MT,5,670
FELIZ NATAL - MT,6,706
FELIZ NATAL - MT,7,100
FELIZ NATAL - MT,8,154
FELIZ NATAL - MT,9,427
FELIZ NATAL - MT,10,225
FELIZ NATAL - MT,11,203
FELIZ NATAL - MT,12,120
FERNANDO FALCÃO - MA,1,9
FERNANDO FALCÃO - MA,2,10
FERNANDO FALCÃO - MA,3,10
FERNANDO FALCÃO - MA,4,34
FERNANDO FALCÃO - MA,5,147
FERNANDO FALCÃO - MA,6,398
FERNANDO FALCÃO - MA,7,951
FERNANDO FALCÃO - MA,8,803
FERNANDO FALCÃO - MA,9,806
FERNANDO FALCÃO - MA,10,305
FERNANDO FALCÃO - MA,11,75
FERNANDO FALCÃO - MA,12,36
FERREIRA GOMES - AP,7,1
FERREIRA GOMES - AP,8,4
FERREIRA GOMES - AP,9,30
FERREIRA GOMES - AP,10,101
FERREIRA GOMES - AP,11,40
FERREIRA GOMES - AP,12,3
FIGUEIRÓPOLIS - TO,2,4
FIGUEIRÓPOLIS - TO,3,3
FIGUEIRÓPOLIS - TO,4,7
FIGUEIRÓPOLIS - TO,5,12
FIGUEIRÓPOLIS - TO,6,15
FIGUEIRÓPOLIS - TO,7,10
FIGUEIRÓPOLIS - TO,8,2
FIGUEIRÓPOLIS - TO,9,14
FIGUEIRÓPOLIS - TO,10,13
FIGUEIRÓPOLIS - TO,11,8
FIGUEIRÓPOLIS - TO,12,10
FIGUEIRÓPOLIS D'OESTE - MT,1,1
FIGUEIRÓPOLIS D'OESTE - MT,2,1
FIGUEIRÓPOLIS D'OESTE - MT,5,1
FIGUEIRÓPOLIS D'OESTE - MT,9,5
FIGUEIRÓPOLIS D'OESTE - MT,10,2
FIGUEIRÓPOLIS D'OESTE - MT,11,2
FILADÉLFIA - TO,2,1
FILADÉLFIA - TO,3,1
FILADÉLFIA - TO,4,1
FILADÉLFIA - TO,5,2
FILADÉLFIA - TO,6,6
FILADÉLFIA - TO,7,3
FILADÉLFIA - TO,8,26
FILADÉLFIA - TO,9,82
FILADÉLFIA - TO,10,76
FILADÉLFIA - TO,11,37
FILADÉLFIA - TO,12,6
FLORESTA DO ARAGUAIA - PA,1,5
FLORESTA DO ARAGUAIA - PA,2,4
FLORESTA DO ARAGUAIA - PA,3,7
FLORESTA DO ARAGUAIA - PA,4,3
FLORESTA DO ARAGUAIA - PA,5,19
FLORESTA DO ARAGUAIA - PA,6,33
FLORESTA DO ARAGUAIA - PA,7,40
FLORESTA DO ARAGUAIA - PA,8,56
FLORESTA DO ARAGUAIA - PA,9,200
FLORESTA DO ARAGUAIA - PA,10,150
FLORESTA DO ARAGUAIA - PA,11,27
FLORESTA DO ARAGUAIA - PA,12,10
FONTE BOA - AM,1,5
FONTE BOA - AM,2,4
FONTE BOA - AM,3,2
FONTE BOA - AM,4,3
FONTE BOA - AM,5,3
FONTE BOA - AM,6,3
FONTE BOA - AM,7,2
FONTE BOA - AM,8,22
FONTE BOA - AM,9,17
FONTE BOA - AM,10,41
FONTE BOA - AM,11,16
FONTE BOA - AM,12,14
FORMOSA DA SERRA NEGRA - MA,1,4
FORMOSA DA SERRA NEGRA - MA,2,2
FORMOSA DA SERRA NEGRA - MA,3,1
FORMOSA DA SERRA NEGRA - MA,4,1
FORMOSA DA SERRA NEGRA - MA,5,12
FORMOSA DA SERRA NEGRA - MA,6,20
FORMOSA DA SERRA NEGRA - MA,7,66
FORMOSA DA SERRA NEGRA - MA,8,153
FORMOSA DA SERRA NEGRA - MA,9,325
FORMOSA DA SERRA NEGRA - MA,10,286
FORMOSA DA SERRA NEGRA - MA,11,122
FORMOSA DA SERRA NEGRA - MA,12,30
FORMOSO DO ARAGUAIA - TO,1,10
FORMOSO DO ARAGUAIA - TO,2,7
FORMOSO DO ARAGUAIA - TO,3,3
FORMOSO DO ARAGUAIA - TO,4,70
FORMOSO DO ARAGUAIA - TO,5,282
FORMOSO DO ARAGUAIA - TO,6,400
FORMOSO DO ARAGUAIA - TO,7,1395
FORMOSO DO ARAGUAIA - TO,8,854
FORMOSO DO ARAGUAIA - TO,9,1375
FORMOSO DO ARAGUAIA - TO,10,561
FORMOSO DO ARAGUAIA - TO,11,72
FORMOSO DO ARAGUAIA - TO,12,29
FORTALEZA DO TABOCÃO - TO,2,1
FORTALEZA DO TABOCÃO - TO,5,12
FORTALEZA DO TABOCÃO - TO,6,12
FORTALEZA DO TABOCÃO - TO,7,3
FORTALEZA DO TABOCÃO - TO,8,14
FORTALEZA DO TABOCÃO - TO,9,10
FORTALEZA DO TABOCÃO - TO,10,6
FORTALEZA DO TABOCÃO - TO,11,6
FORTALEZA DO TABOCÃO - TO,12,2
FORTALEZA DOS NOGUEIRAS - MA,1,7
FORTALEZA DOS NOGUEIRAS - MA,2,3
FORTALEZA DOS NOGUEIRAS - MA,3,4
FORTALEZA DOS NOGUEIRAS - MA,4,4
FORTALEZA DOS NOGUEIRAS - MA,5,15
FORTALEZA DOS NOGUEIRAS - MA,6,2
FORTALEZA DOS NOGUEIRAS - MA,7,29
FORTALEZA DOS NOGUEIRAS - MA,8,54
FORTALEZA DOS NOGUEIRAS - MA,9,87
FORTALEZA DOS NOGUEIRAS - MA,10,120
FORTALEZA DOS NOGUEIRAS - MA,11,26
FORTALEZA DOS NOGUEIRAS - MA,12,12
FORTUNA - MA,1,3
FORTUNA - MA,2,4
FORTUNA - MA,4,2
FORTUNA - MA,5,2
FORTUNA - MA,6,4
FORTUNA - MA,7,6
FORTUNA - MA,8,9
FORTUNA - MA,9,25
FORTUNA - MA,10,18
FORTUNA - MA,11,8
FORTUNA - MA,12,12
FÁTIMA - TO,2,1
FÁTIMA - TO,5,5
FÁTIMA - TO,6,10
FÁTIMA - TO,7,20
FÁTIMA - TO,8,5
FÁTIMA - TO,9,14
FÁTIMA - TO,10,17
FÁTIMA - TO,11,3
GARRAFÃO DO NORTE - PA,1,19
GARRAFÃO DO NORTE - PA,2,6
GARRAFÃO DO NORTE - PA,5,8
GARRAFÃO DO NORTE - PA,6,2
GARRAFÃO DO NORTE - PA,7,12
GARRAFÃO DO NORTE - PA,8,14
GARRAFÃO DO NORTE - PA,9,30
GARRAFÃO DO NORTE - PA,10,123
GARRAFÃO DO NORTE - PA,11,268
GARRAFÃO DO NORTE - PA,12,137
GAÚCHA DO NORTE - MT,1,99
GAÚCHA DO NORTE - MT,2,89
GAÚCHA DO NORTE - MT,3,189
GAÚCHA DO NORTE - MT,4,168
GAÚCHA DO NORTE - MT,5,229
GAÚCHA DO NORTE - MT,6,331
GAÚCHA DO NORTE - MT,7,258
GAÚCHA DO NORTE - MT,8,348
GAÚCHA DO NORTE - MT,9,1162
GAÚCHA DO NORTE - MT,10,230
GAÚCHA DO NORTE - MT,11,91
GAÚCHA DO NORTE - MT,12,63
GENERAL CARNEIRO - MT,1,4
GENERAL CARNEIRO - MT,2,7
GENERAL CARNEIRO - MT,3,13
GENERAL CARNEIRO - MT,4,8
GENERAL CARNEIRO - MT,5,12
GENERAL CARNEIRO - MT,6,34
GENERAL CARNEIRO - MT,7,108
GENERAL CARNEIRO - MT,8,260
GENERAL CARNEIRO - MT,9,373
GENERAL CARNEIRO - MT,10,22
GENERAL CARNEIRO - MT,11,3
GENERAL CARNEIRO - MT,12,5
GLÓRIA D'OESTE - MT,2,1
GLÓRIA D'OESTE - MT,3,1
GLÓRIA D'OESTE - MT,8,10
GLÓRIA D'OESTE - MT,9,2
GLÓRIA D'OESTE - MT,10,7
GODOFREDO VIANA - MA,1,10
GODOFREDO VIANA - MA,6,1
GODOFREDO VIANA - MA,8,4
GODOFREDO VIANA - MA,9,22
GODOFREDO VIANA - MA,10,11
GODOFREDO VIANA - MA,11,57
GODOFREDO VIANA - MA,12,76
GOIANORTE - TO,3,2
GOIANORTE - TO,4,2
GOIANORTE - TO,5,21
GOIANORTE - TO,6,33
GOIANORTE - TO,7,13
GOIANORTE - TO,8,17
GOIANORTE - TO,9,38
GOIANORTE - TO,10,81
GOIANORTE - TO,11,16
GOIANORTE - TO,12,1
GOIANÉSIA DO PARÁ - PA,1,40
GOIANÉSIA DO PARÁ - PA,2,13
GOIANÉSIA DO PARÁ - PA,3,1
GOIANÉSIA DO PARÁ - PA,4,3
GOIANÉSIA DO PARÁ - PA,5,10
GOIANÉSIA DO PARÁ - PA,6,67
GOIANÉSIA DO PARÁ - PA,7,116
GOIANÉSIA DO PARÁ - PA,8,103
GOIANÉSIA DO PARÁ - PA,9,134
GOIANÉSIA DO PARÁ - PA,10,237
GOIANÉSIA DO PARÁ - PA,11,266
GOIANÉSIA DO PARÁ - PA,12,172
GOIATINS - TO,1,4
GOIATINS - TO,2,9
GOIATINS - TO,3,13
GOIATINS - TO,4,27
GOIATINS - TO,5,131
GOIATINS - TO,6,411
GOIATINS - TO,7,427
GOIATINS - TO,8,573
GOIATINS - TO,9,773
GOIATINS - TO,10,296
GOIATINS - TO,11,39
GOIATINS - TO,12,17
GONÇALVES DIAS - MA,1,9
GONÇALVES DIAS - MA,2,2
GONÇALVES DIAS - MA,6,1
GONÇALVES DIAS - MA,7,3
GONÇALVES DIAS - MA,8,2
GONÇALVES DIAS - MA,9,23
GONÇALVES DIAS - MA,10,33
GONÇALVES DIAS - MA,11,66
GONÇALVES DIAS - MA,12,31
GOVERNADOR ARCHER - MA,1,5
GOVERNADOR ARCHER - MA,5,1
GOVERNADOR ARCHER - MA,8,1
GOVERNADOR ARCHER - MA,9,13
GOVERNADOR ARCHER - MA,10,52
GOVERNADOR ARCHER - MA,11,25
GOVERNADOR ARCHER - MA,12,8
GOVERNADOR EDISON LOBÃO - MA,1,1
GOVERNADOR EDISON LOBÃO - MA,6,8
GOVERNADOR EDISON LOBÃO - MA,7,13
GOVERNADOR EDISON LOBÃO - MA,8,25
GOVERNADOR EDISON LOBÃO - MA,9,30
GOVERNADOR EDISON LOBÃO - MA,10,20
GOVERNADOR EDISON LOBÃO - MA,11,8
GOVERNADOR EDISON LOBÃO - MA,12,3
GOVERNADOR EUGÊNIO BARROS - MA,1,4
GOVERNADOR EUGÊNIO BARROS - MA,2,1
GOVERNADOR EUGÊNIO BARROS - MA,6,6
GOVERNADOR EUGÊNIO BARROS - MA,7,4
GOVERNADOR EUGÊNIO BARROS - MA,8,4
GOVERNADOR EUGÊNIO BARROS - MA,9,4
GOVERNADOR EUGÊNIO BARROS - MA,10,61
GOVERNADOR EUGÊNIO BARROS - MA,11,15
GOVERNADOR EUGÊNIO BARROS - MA,12,16
GOVERNADOR JORGE TEIXEIRA - RO,1,5
GOVERNADOR JORGE TEIXEIRA - RO,5,3
GOVERNADOR JORGE TEIXEIRA - RO,6,4
GOVERNADOR JORGE TEIXEIRA - RO,7,16
GOVERNADOR JORGE TEIXEIRA - RO,8,406
GOVERNADOR JORGE TEIXEIRA - RO,9,217
GOVERNADOR JORGE TEIXEIRA - RO,10,58
GOVERNADOR JORGE TEIXEIRA - RO,11,29
GOVERNADOR JORGE TEIXEIRA - RO,12,2
GOVERNADOR LUIZ ROCHA - MA,2,2
GOVERNADOR LUIZ ROCHA - MA,5,2
GOVERNADOR LUIZ ROCHA - MA,6,14
GOVERNADOR LUIZ ROCHA - MA,7,26
GOVERNADOR LUIZ ROCHA - MA,8,16
GOVERNADOR LUIZ ROCHA - MA,9,25
GOVERNADOR LUIZ ROCHA - MA,10,17
GOVERNADOR LUIZ ROCHA - MA,11,8
GOVERNADOR LUIZ ROCHA - MA,12,5
GOVERNADOR NEWTON BELLO - MA,1,8
GOVERNADOR NEWTON BELLO - MA,3,1
GOVERNADOR NEWTON BELLO - MA,6,3
GOVERNADOR NEWTON BELLO - MA,7,3
GOVERNADOR NEWTON BELLO - MA,8,3
GOVERNADOR NEWTON BELLO - MA,9,7
GOVERNADOR NEWTON BELLO - MA,10,36
GOVERNADOR NEWTON BELLO - MA,11,119
GOVERNADOR NEWTON BELLO - MA,12,52
GOVERNADOR NUNES FREIRE - MA,1,11
GOVERNADOR NUNES FREIRE - MA,2,2
GOVERNADOR NUNES FREIRE - MA,5,1
GOVERNADOR NUNES FREIRE - MA,6,3
GOVERNADOR NUNES FREIRE - MA,7,6
GOVERNADOR NUNES FREIRE - MA,8,14
GOVERNADOR NUNES FREIRE - MA,9,16
GOVERNADOR NUNES FREIRE - MA,10,55
GOVERNADOR NUNES FREIRE - MA,11,126
GOVERNADOR NUNES FREIRE - MA,12,128
GRAJAÚ - MA,1,63
GRAJAÚ - MA,2,36
GRAJAÚ - MA,3,20
GRAJAÚ - MA,4,34
GRAJAÚ - MA,5,190
GRAJAÚ - MA,6,274
GRAJAÚ - MA,7,269
GRAJAÚ - MA,8,404
GRAJAÚ - MA,9,915
GRAJAÚ - MA,10,474
GRAJAÚ - MA,11,274
GRAJAÚ - MA,12,141
GRAÇA ARANHA - MA,7,3
GRAÇA ARANHA - MA,8,9
GRAÇA ARANHA - MA,9,1
GRAÇA ARANHA - MA,10,24
GRAÇA ARANHA - MA,11,6
GUAJARÁ - AM,1,27
GUAJARÁ - AM,2,3
GUAJARÁ - AM,3,2
GUAJARÁ - AM,5,3
GUAJARÁ - AM,6,21
GUAJARÁ - AM,7,76
GUAJARÁ - AM,8,539
GUAJARÁ - AM,9,612
GUAJARÁ - AM,10,196
GUAJARÁ - AM,11,108
GUAJARÁ - AM,12,6
GUAJARÁ-MIRIM - RO,1,18
GUAJARÁ-MIRIM - RO,2,7
GUAJARÁ-MIRIM - RO,3,12
GUAJARÁ-MIRIM - RO,4,10
GUAJARÁ-MIRIM - RO,5,24
GUAJARÁ-MIRIM - RO,6,25
GUAJARÁ-MIRIM - RO,7,105
GUAJARÁ-MIRIM - RO,8,291
GUAJARÁ-MIRIM - RO,9,963
GUAJARÁ-MIRIM - RO,10,539
GUAJARÁ-MIRIM - RO,11,98
GUAJARÁ-MIRIM - RO,12,23
GUARANTÃ DO NORTE - MT,1,3
GUARANTÃ DO NORTE - MT,2,3
GUARANTÃ DO NORTE - MT,3,3
GUARANTÃ DO NORTE - MT,4,1
GUARANTÃ DO NORTE - MT,5,5
GUARANTÃ DO NORTE - MT,6,33
GUARANTÃ DO NORTE - MT,7,34
GUARANTÃ DO NORTE - MT,8,89
GUARANTÃ DO NORTE - MT,9,594
GUARANTÃ DO NORTE - MT,10,88
GUARANTÃ DO NORTE - MT,11,18
GUARANTÃ DO NORTE - MT,12,4
GUARAÍ - TO,1,8
GUARAÍ - TO,2,6
GUARAÍ - TO,3,11
GUARAÍ - TO,4,12
GUARAÍ - TO,5,26
GUARAÍ - TO,6,49
GUARAÍ - TO,7,36
GUARAÍ - TO,8,117
GUARAÍ - TO,9,69
GUARAÍ - TO,10,79
GUARAÍ - TO,11,21
GUARAÍ - TO,12,5
GUIMARÃES - MA,1,4
GUIMARÃES - MA,8,9
GUIMARÃES - MA,9,37
GUIMARÃES - MA,10,8
GUIMARÃES - MA,11,8
GUIMARÃES - MA,12,39
GUIRATINGA - MT,2,13
GUIRATINGA - MT,3,14
GUIRATINGA - MT,4,9
GUIRATINGA - MT,5,17
GUIRATINGA - MT,6,28
GUIRATINGA - MT,7,20
GUIRATINGA - MT,8,41
GUIRATINGA - MT,9,137
GUIRATINGA - MT,10,79
GUIRATINGA - MT,11,9
GUIRATINGA - MT,12,8
GURUPI - TO,1,1
GURUPI - TO,2,1
GURUPI - TO,3,9
GURUPI - TO,4,12
GURUPI - TO,5,13
GURUPI - TO,6,11
GURUPI - TO,7,13
GURUPI - TO,8,33
GURUPI - TO,9,24
GURUPI - TO,10,23
GURUPI - TO,11,16
GURUPI - TO,12,1
GURUPÁ - PA,3,2
GURUPÁ - PA,7,23
GURUPÁ - PA,8,56
GURUPÁ - PA,9,67
GURUPÁ - PA,10,143
GURUPÁ - PA,11,336
GURUPÁ - PA,12,32
HUMAITÁ - AM,1,15
HUMAITÁ - AM,2,2
HUMAITÁ - AM,3,4
HUMAITÁ - AM,4,1
HUMAITÁ - AM,5,4
HUMAITÁ - AM,6,39
HUMAITÁ - AM,7,581
HUMAITÁ - AM,8,2660
HUMAITÁ - AM,9,1944
HUMAITÁ - AM,10,505
HUMAITÁ - AM,11,87
HUMAITÁ - AM,12,20
ICATU - MA,8,4
ICATU - MA,9,3
ICATU - MA,11,8
ICATU - MA,12,12
IGARAPÉ DO MEIO - MA,1,1
IGARAPÉ DO MEIO - MA,8,5
IGARAPÉ DO MEIO - MA,9,11
IGARAPÉ DO MEIO - MA,10,67
IGARAPÉ DO MEIO - MA,11,68
IGARAPÉ DO MEIO - MA,12,19
IGARAPÉ GRANDE - MA,1,1
IGARAPÉ GRANDE - MA,8,1
IGARAPÉ GRANDE - MA,9,1
IGARAPÉ GRANDE - MA,10,12
IGARAPÉ GRANDE - MA,11,10
IGARAPÉ GRANDE - MA,12,13
IGARAPÉ-AÇU - PA,7,8
IGARAPÉ-AÇU - PA,8,14
IGARAPÉ-AÇU - PA,9,20
IGARAPÉ-AÇU - PA,10,38
IGARAPÉ-AÇU - PA,11,66
IGARAPÉ-AÇU - PA,12,42
IGARAPÉ-MIRI - PA,1,1
IGARAPÉ-MIRI - PA,2,5
IGARAPÉ-MIRI - PA,3,1
IGARAPÉ-MIRI - PA,5,1
IGARAPÉ-MIRI - PA,6,27
IGARAPÉ-MIRI - PA,7,109
IGARAPÉ-MIRI - PA,8,93
IGARAPÉ-MIRI - PA,9,60
IGARAPÉ-MIRI - PA,10,118
IGARAPÉ-MIRI - PA,11,156
IGARAPÉ-MIRI - PA,12,36
IMPERATRIZ - MA,1,1
IMPERATRIZ - MA,2,2
IMPERATRIZ - MA,5,2
IMPERATRIZ - MA,6,6
IMPERATRIZ - MA,7,30
IMPERATRIZ - MA,8,81
IMPERATRIZ - MA,9,112
IMPERATRIZ - MA,10,63
IMPERATRIZ - MA,11,24
IMPERATRIZ - MA,12,10
INDIAVAÍ - MT,8,3
INDIAVAÍ - MT,9,26
INDIAVAÍ - MT,10,1
INHANGAPI - PA,6,1
INHANGAPI - PA,7,4
INHANGAPI - PA,8,22
INHANGAPI - PA,9,21
INHANGAPI - PA,10,17
INHANGAPI - PA,11,18
INHANGAPI - PA,12,6
IPIRANGA DO NORTE - MT,1,29
IPIRANGA DO NORTE - MT,2,24
IPIRANGA DO NORTE - MT,3,47
IPIRANGA DO NORTE - MT,4,31
IPIRANGA DO NORTE - MT,5,50
IPIRANGA DO NORTE - MT,6,61
IPIRANGA DO NORTE - MT,7,3
IPIRANGA DO NORTE - MT,8,19
IPIRANGA DO NORTE - MT,9,7
IPIRANGA DO NORTE - MT,10,10
IPIRANGA DO NORTE - MT,11,16
IPIRANGA DO NORTE - MT,12,19
IPIXUNA - AM,1,4
IPIXUNA - AM,5,1
IPIXUNA - AM,6,6
IPIXUNA - AM,7,47
IPIXUNA - AM,8,217
IPIXUNA - AM,9,267
IPIXUNA - AM,10,40
IPIXUNA - AM,11,26
IPIXUNA - AM,12,2
IPIXUNA DO PARÁ - PA,1,41
IPIXUNA DO PARÁ - PA,2,19
IPIXUNA DO PARÁ - PA,3,4
IPIXUNA DO PARÁ - PA,4,4
IPIXUNA DO PARÁ - PA,5,14
IPIXUNA DO PARÁ - PA,6,56
IPIXUNA DO PARÁ - PA,7,143
IPIXUNA DO PARÁ - PA,8,134
IPIXUNA DO PARÁ - PA,9,168
IPIXUNA DO PARÁ - PA,10,263
IPIXUNA DO PARÁ - PA,11,385
IPIXUNA DO PARÁ - PA,12,225
IPUEIRAS - TO,1,1
IPUEIRAS - TO,2,2
IPUEIRAS - TO,3,3
IPUEIRAS - TO,4,3
IPUEIRAS - TO,5,10
IPUEIRAS - TO,6,14
IPUEIRAS - TO,7,5
IPUEIRAS - TO,8,34
IPUEIRAS - TO,9,119
IPUEIRAS - TO,10,38
IPUEIRAS - TO,11,5
IPUEIRAS - TO,12,1
IRACEMA - RR,1,51
IRACEMA - RR,2,203
IRACEMA - RR,3,247
IRACEMA - RR,4,65
IRACEMA - RR,5,2
IRACEMA - RR,8,2
IRACEMA - RR,9,4
IRACEMA - RR,10,7
IRACEMA - RR,11,6
IRACEMA - RR,12,7
IRANDUBA - AM,1,7
IRANDUBA - AM,4,2
IRANDUBA - AM,5,3
IRANDUBA - AM,6,3
IRANDUBA - AM,7,11
IRANDUBA - AM,8,13
IRANDUBA - AM,9,53
IRANDUBA - AM,10,18
IRANDUBA - AM,11,9
IRANDUBA - AM,12,4
IRITUIA - PA,1,4
IRITUIA - PA,2,4
IRITUIA - PA,3,1
IRITUIA - PA,4,2
IRITUIA - PA,5,4
IRITUIA - PA,6,5
IRITUIA - PA,7,62
IRITUIA - PA,8,70
IRITUIA - PA,9,49
IRITUIA - PA,10,50
IRITUIA - PA,11,109
IRITUIA - PA,12,108
ITACAJÁ - TO,1,1
ITACAJÁ - TO,2,9
ITACAJÁ - TO,3,3
ITACAJÁ - TO,4,3
ITACAJÁ - TO,5,66
ITACAJÁ - TO,6,244
ITACAJÁ - TO,7,209
ITACAJÁ - TO,8,166
ITACAJÁ - TO,9,367
ITACAJÁ - TO,10,149
ITACAJÁ - TO,11,20
ITACAJÁ - TO,12,6
ITACOATIARA - AM,1,20
ITACOATIARA - AM,2,2
ITACOATIARA - AM,3,8
ITACOATIARA - AM,4,5
ITACOATIARA - AM,5,2
ITACOATIARA - AM,6,28
ITACOATIARA - AM,7,122
ITACOATIARA - AM,8,253
ITACOATIARA - AM,9,459
ITACOATIARA - AM,10,380
ITACOATIARA - AM,11,93
ITACOATIARA - AM,12,44
ITAGUATINS - TO,1,2
ITAGUATINS - TO,3,1
ITAGUATINS - TO,6,2
ITAGUATINS - TO,7,5
ITAGUATINS - TO,8,34
ITAGUATINS - TO,9,43
ITAGUATINS - TO,10,33
ITAGUATINS - TO,11,26
ITAGUATINS - TO,12,10
ITAIPAVA DO GRAJAÚ - MA,1,7
ITAIPAVA DO GRAJAÚ - MA,5,1
ITAIPAVA DO GRAJAÚ - MA,6,8
ITAIPAVA DO GRAJAÚ - MA,7,2
ITAIPAVA DO GRAJAÚ - MA,8,16
ITAIPAVA DO GRAJAÚ - MA,9,69
ITAIPAVA DO GRAJAÚ - MA,10,205
ITAIPAVA DO GRAJAÚ - MA,11,64
ITAIPAVA DO GRAJAÚ - MA,12,34
ITAITUBA - PA,1,17
ITAITUBA - PA,2,6
ITAITUBA - PA,3,14
ITAITUBA - PA,4,4
ITAITUBA - PA,5,14
ITAITUBA - PA,6,57
ITAITUBA - PA,7,1310
ITAITUBA - PA,8,4848
ITAITUBA - PA,9,2502
ITAITUBA - PA,10,754
ITAITUBA - PA,11,244
ITAITUBA - PA,12,66
ITAMARATI - AM,5,1
ITAMARATI - AM,6,5
ITAMARATI - AM,7,19
ITAMARATI - AM,8,109
ITAMARATI - AM,9,117
ITAMARATI - AM,10,12
ITAMARATI - AM,11,5
ITANHANGÁ - MT,1,26
ITANHANGÁ - MT,2,23
ITANHANGÁ - MT,3,36
ITANHANGÁ - MT,4,18
ITANHANGÁ - MT,5,13
ITANHANGÁ - MT,6,53
ITANHANGÁ - MT,7,72
ITANHANGÁ - MT,8,54
ITANHANGÁ - MT,9,139
ITANHANGÁ - MT,10,73
ITANHANGÁ - MT,11,41
ITANHANGÁ - MT,12,19
ITAPECURU MIRIM - MA,1,4
ITAPECURU MIRIM - MA,5,4
ITAPECURU MIRIM - MA,6,10
ITAPECURU MIRIM - MA,7,107
ITAPECURU MIRIM - MA,8,81
ITAPECURU MIRIM - MA,9,55
ITAPECURU MIRIM - MA,10,181
ITAPECURU MIRIM - MA,11,190
ITAPECURU MIRIM - MA,12,74
ITAPIRANGA - AM,1,2
ITAPIRANGA - AM,2,1
ITAPIRANGA - AM,6,5
ITAPIRANGA - AM,7,10
ITAPIRANGA - AM,8,21
ITAPIRANGA - AM,9,47
ITAPIRANGA - AM,10,41
ITAPIRANGA - AM,11,9
ITAPIRANGA - AM,12,4
ITAPIRATINS - TO,1,2
ITAPIRATINS - TO,2,7
ITAPIRATINS - TO,3,9
ITAPIRATINS - TO,4,4
ITAPIRATINS - TO,5,56
ITAPIRATINS - TO,6,25
ITAPIRATINS - TO,7,17
ITAPIRATINS - TO,8,9
ITAPIRATINS - TO,9,14
ITAPIRATINS - TO,10,40
ITAPIRATINS - TO,11,22
ITAPIRATINS - TO,12,10
ITAPORÃ DO TOCANTINS - TO,3,2
ITAPORÃ DO TOCANTINS - TO,5,3
ITAPORÃ DO TOCANTINS - TO,6,1
ITAPORÃ DO TOCANTINS - TO,7,6
ITAPORÃ DO TOCANTINS - TO,8,25
ITAPORÃ DO TOCANTINS - TO,9,73
ITAPORÃ DO TOCANTINS - TO,10,15
ITAPORÃ DO TOCANTINS - TO,11,5
ITAPUÃ DO OESTE - RO,1,5
ITAPUÃ DO OESTE - RO,2,2
ITAPUÃ DO OESTE - RO,4,7
ITAPUÃ DO OESTE - RO,5,19
ITAPUÃ DO OESTE - RO,6,27
ITAPUÃ DO OESTE - RO,7,85
ITAPUÃ DO OESTE - RO,8,88
ITAPUÃ DO OESTE - RO,9,148
ITAPUÃ DO OESTE - RO,10,109
ITAPUÃ DO OESTE - RO,11,39
ITAPUÃ DO OESTE - RO,12,11
ITAUBAL - AP,1,1
ITAUBAL - AP,7,2
ITAUBAL - AP,8,6
ITAUBAL - AP,9,15
ITAUBAL - AP,10,43
ITAUBAL - AP,11,53
ITAUBAL - AP,12,8
ITAÚBA - MT,1,8
ITAÚBA - MT,2,60
ITAÚBA - MT,3,63
ITAÚBA - MT,4,49
ITAÚBA - MT,5,113
ITAÚBA - MT,6,116
ITAÚBA - MT,7,40
ITAÚBA - MT,8,165
ITAÚBA - MT,9,91
ITAÚBA - MT,10,42
ITAÚBA - MT,11,31
ITAÚBA - MT,12,22
ITINGA DO MARANHÃO - MA,1,31
ITINGA DO MARANHÃO - MA,2,7
ITINGA DO MARANHÃO - MA,3,2
ITINGA DO MARANHÃO - MA,4,1
ITINGA DO MARANHÃO - MA,5,4
ITINGA DO MARANHÃO - MA,6,31
ITINGA DO MARANHÃO - MA,7,57
ITINGA DO MARANHÃO - MA,8,77
ITINGA DO MARANHÃO - MA,9,86
ITINGA DO MARANHÃO - MA,10,132
ITINGA DO MARANHÃO - MA,11,205
ITINGA DO MARANHÃO - MA,12,116
ITIQUIRA - MT,1,29
ITIQUIRA - MT,2,22
ITIQUIRA - MT,3,28
ITIQUIRA - MT,4,35
ITIQUIRA - MT,5,18
ITIQUIRA - MT,6,16
ITIQUIRA - MT,7,8
ITIQUIRA - MT,8,45
ITIQUIRA - MT,9,100
ITIQUIRA - MT,10,127
ITIQUIRA - MT,11,1
ITIQUIRA - MT,12,9
ITUPIRANGA - PA,1,2
ITUPIRANGA - PA,2,5
ITUPIRANGA - PA,4,1
ITUPIRANGA - PA,5,3
ITUPIRANGA - PA,6,5
ITUPIRANGA - PA,7,44
ITUPIRANGA - PA,8,126
ITUPIRANGA - PA,9,270
ITUPIRANGA - PA,10,400
ITUPIRANGA - PA,11,310
ITUPIRANGA - PA,12,107
JACAREACANGA - PA,1,13
JACAREACANGA - PA,2,4
JACAREACANGA - PA,3,4
JACAREACANGA - PA,4,1
JACAREACANGA - PA,5,9
JACAREACANGA - PA,6,57
JACAREACANGA - PA,7,567
JACAREACANGA - PA,8,2713
JACAREACANGA - PA,9,1341
JACAREACANGA - PA,10,198
JACAREACANGA - PA,11,44
JACAREACANGA - PA,12,22
JACIARA - MT,1,3
JACIARA - MT,2,3
JACIARA - MT,3,4
JACIARA - MT,4,4
JACIARA - MT,5,3
JACIARA - MT,6,2
JACIARA - MT,7,6
JACIARA - MT,8,93
JACIARA - MT,9,22
JACIARA - MT,10,10
JACIARA - MT,11,2
JACIARA - MT,12,1
JACUNDÁ - PA,1,7
JACUNDÁ - PA,3,2
JACUNDÁ - PA,5,1
JACUNDÁ - PA,6,5
JACUNDÁ - PA,7,14
JACUNDÁ - PA,8,19
JACUNDÁ - PA,9,41
JACUNDÁ - PA,10,30
JACUNDÁ - PA,11,32
JACUNDÁ - PA,12,22
JANGADA - MT,1,3
JANGADA - MT,2,3
JANGADA - MT,3,4
JANGADA - MT,4,7
JANGADA - MT,5,2
JANGADA - MT,6,2
JANGADA - MT,7,2
JANGADA - MT,8,36
JANGADA - MT,9,47
JANGADA - MT,10,7
JANGADA - MT,11,8
JANGADA - MT,12,7
JAPURÁ - AM,1,3
JAPURÁ - AM,2,1
JAPURÁ - AM,3,2
JAPURÁ - AM,8,1
JAPURÁ - AM,9,4
JAPURÁ - AM,10,15
JAPURÁ - AM,11,2
JAPURÁ - AM,12,2
JARU - RO,1,5
JARU - RO,2,3
JARU - RO,4,3
JARU - RO,5,5
JARU - RO,6,2
JARU - RO,7,10
JARU - RO,8,12
JARU - RO,9,47
JARU - RO,10,29
JARU - RO,11,19
JARU - RO,12,4
JATOBÁ - MA,1,3
JATOBÁ - MA,2,1
JATOBÁ - MA,3,1
JATOBÁ - MA,4,2
JATOBÁ - MA,5,1
JATOBÁ - MA,6,8
JATOBÁ - MA,7,12
JATOBÁ - MA,8,54
JATOBÁ - MA,9,116
JATOBÁ - MA,10,71
JATOBÁ - MA,11,35
JATOBÁ - MA,12,6
JAURU - MT,3,1
JAURU - MT,4,1
JAURU - MT,5,1
JAURU - MT,7,4
JAURU - MT,8,37
JAURU - MT,9,85
JAURU - MT,11,6
JAURU - MT,12,1
JAÚ DO TOCANTINS - TO,1,4
JAÚ DO TOCANTINS - TO,2,2
JAÚ DO TOCANTINS - TO,3,1
JAÚ DO TOCANTINS - TO,5,5
JAÚ DO TOCANTINS - TO,6,5
JAÚ DO TOCANTINS - TO,7,4
JAÚ DO TOCANTINS - TO,8,23
JAÚ DO TOCANTINS - TO,9,63
JAÚ DO TOCANTINS - TO,10,75
JAÚ DO TOCANTINS - TO,11,20
JAÚ DO TOCANTINS - TO,12,18
JENIPAPO DOS VIEIRAS - MA,1,2
JENIPAPO DOS VIEIRAS - MA,2,1
JENIPAPO DOS VIEIRAS - MA,5,2
JENIPAPO DOS VIEIRAS - MA,6,12
JENIPAPO DOS VIEIRAS - MA,7,39
JENIPAPO DOS VIEIRAS - MA,8,239
JENIPAPO DOS VIEIRAS - MA,9,417
JENIPAPO DOS VIEIRAS - MA,10,227
JENIPAPO DOS VIEIRAS - MA,11,78
JENIPAPO DOS VIEIRAS - MA,12,47
JI-PARANÁ - RO,1,2
JI-PARANÁ - RO,2,3
JI-PARANÁ - RO,4,1
JI-PARANÁ - RO,5,5
JI-PARANÁ - RO,6,15
JI-PARANÁ - RO,7,35
JI-PARANÁ - RO,8,59
JI-PARANÁ - RO,9,132
JI-PARANÁ - RO,10,32
JI-PARANÁ - RO,11,10
JI-PARANÁ - RO,12,2
JORDÃO - AC,6,7
JORDÃO - AC,7,36
JORDÃO - AC,8,393
JORDÃO - AC,9,471
JORDÃO - AC,10,29
JORDÃO - AC,11,13
JOSELÂNDIA - MA,1,2
JOSELÂNDIA - MA,6,1
JOSELÂNDIA - MA,7,3
JOSELÂNDIA - MA,8,10
JOSELÂNDIA - MA,9,18
JOSELÂNDIA - MA,10,46
JOSELÂNDIA - MA,11,76
JOSELÂNDIA - MA,12,35
JOÃO LISBOA - MA,1,3
JOÃO LISBOA - MA,2,6
JOÃO LISBOA - MA,5,2
JOÃO LISBOA - MA,7,10
JOÃO LISBOA - MA,8,22
JOÃO LISBOA - MA,9,30
JOÃO LISBOA - MA,10,23
JOÃO LISBOA - MA,11,31
JOÃO LISBOA - MA,12,36
JUARA - MT,1,34
JUARA - MT,2,64
JUARA - MT,3,60
JUARA - MT,4,56
JUARA - MT,5,282
JUARA - MT,6,503
JUARA - MT,7,394
JUARA - MT,8,853
JUARA - MT,9,1285
JUARA - MT,10,321
JUARA - MT,11,183
JUARA - MT,12,96
JUARINA - TO,5,2
JUARINA - TO,6,7
JUARINA - TO,7,2
JUARINA - TO,8,14
JUARINA - TO,9,6
JUARINA - TO,10,14
JUARINA - TO,11,8
JUARINA - TO,12,2
JUNCO DO MARANHÃO - MA,8,2
JUNCO DO MARANHÃO - MA,9,14
JUNCO DO MARANHÃO - MA,10,34
JUNCO DO MARANHÃO - MA,11,53
JUNCO DO MARANHÃO - MA,12,18
JURUENA - MT,1,5
JURUENA - MT,5,13
JURUENA - MT,6,19
JURUENA - MT,7,43
JURUENA - MT,8,45
JURUENA - MT,9,84
JURUENA - MT,10,60
JURUENA - MT,11,19
JURUENA - MT,12,4
JURUTI - PA,1,23
JURUTI - PA,2,11
JURUTI - PA,3,8
JURUTI - PA,4,6
JURUTI - PA,5,7
JURUTI - PA,6,14
JURUTI - PA,7,50
JURUTI - PA,8,118
JURUTI - PA,9,124
JURUTI - PA,10,303
JURUTI - PA,11,419
JURUTI - PA,12,206
JURUÁ - AM,1,2
JURUÁ - AM,2,1
JURUÁ - AM,3,2
JURUÁ - AM,7,5
JURUÁ - AM,8,37
JURUÁ - AM,9,26
JURUÁ - AM,10,14
JURUÁ - AM,11,6
JUSCIMEIRA - MT,1,10
JUSCIMEIRA - MT,2,17
JUSCIMEIRA - MT,3,13
JUSCIMEIRA - MT,4,7
JUSCIMEIRA - MT,5,10
JUSCIMEIRA - MT,6,13
JUSCIMEIRA - MT,7,15
JUSCIMEIRA - MT,8,97
JUSCIMEIRA - MT,9,134
JUSCIMEIRA - MT,10,4
JUSCIMEIRA - MT,11,2
JUSCIMEIRA - MT,12,2
JUTAÍ - AM,1,5
JUTAÍ - AM,2,4
JUTAÍ - AM,3,1
JUTAÍ - AM,6,1
JUTAÍ - AM,7,11
JUTAÍ - AM,8,58
JUTAÍ - AM,9,74
JUTAÍ - AM,10,69
JUTAÍ - AM,11,18
JUTAÍ - AM,12,2
JUÍNA - MT,1,19
JUÍNA - MT,2,19
JUÍNA - MT,3,29
JUÍNA - MT,4,32
JUÍNA - MT,5,55
JUÍNA - MT,6,146
JUÍNA - MT,7,164
JUÍNA - MT,8,477
JUÍNA - MT,9,804
JUÍNA - MT,10,392
JUÍNA - MT,11,146
JUÍNA - MT,12,59
LAGO DA PEDRA - MA,1,4
LAGO DA PEDRA - MA,2,3
LAGO DA PEDRA - MA,5,3
LAGO DA PEDRA - MA,6,19
LAGO DA PEDRA - MA,7,31
LAGO DA PEDRA - MA,8,44
LAGO DA PEDRA - MA,9,70
LAGO DA PEDRA - MA,10,256
LAGO DA PEDRA - MA,11,195
LAGO DA PEDRA - MA,12,87
LAGO DO JUNCO - MA,1,2
LAGO DO JUNCO - MA,7,1
LAGO DO JUNCO - MA,8,1
LAGO DO JUNCO - MA,9,1
LAGO DO JUNCO - MA,10,21
LAGO DO JUNCO - MA,11,14
LAGO DO JUNCO - MA,12,3
LAGO DOS RODRIGUES - MA,1,1
LAGO DOS RODRIGUES - MA,8,2
LAGO DOS RODRIGUES - MA,9,3
LAGO DOS RODRIGUES - MA,10,8
LAGO DOS RODRIGUES - MA,11,15
LAGO DOS RODRIGUES - MA,12,6
LAGO VERDE - MA,1,1
LAGO VERDE - MA,5,1
LAGO VERDE - MA,6,2
LAGO VERDE - MA,7,6
LAGO VERDE - MA,8,11
LAGO VERDE - MA,9,17
LAGO VERDE - MA,10,54
LAGO VERDE - MA,11,47
LAGO VERDE - MA,12,21
LAGOA DA CONFUSÃO - TO,1,6
LAGOA DA CONFUSÃO - TO,2,9
LAGOA DA CONFUSÃO - TO,3,5
LAGOA DA CONFUSÃO - TO,4,34
LAGOA DA CONFUSÃO - TO,5,595
LAGOA DA CONFUSÃO - TO,6,540
LAGOA DA CONFUSÃO - TO,7,1743
LAGOA DA CONFUSÃO - TO,8,1710
LAGOA DA CONFUSÃO - TO,9,2217
LAGOA DA CONFUSÃO - TO,10,343
LAGOA DA CONFUSÃO - TO,11,59
LAGOA DA CONFUSÃO - TO,12,14
LAGOA DO TOCANTINS - TO,1,1
LAGOA DO TOCANTINS - TO,5,13
LAGOA DO TOCANTINS - TO,6,28
LAGOA DO TOCANTINS - TO,7,29
LAGOA DO TOCANTINS - TO,8,50
LAGOA DO TOCANTINS - TO,9,73
LAGOA DO TOCANTINS - TO,10,61
LAGOA DO TOCANTINS - TO,11,23
LAGOA DO TOCANTINS - TO,12,9
LAGOA GRANDE DO MARANHÃO - MA,1,2
LAGOA GRANDE DO MARANHÃO - MA,6,11
LAGOA GRANDE DO MARANHÃO - MA,7,13
LAGOA GRANDE DO MARANHÃO - MA,8,8
LAGOA GRANDE DO MARANHÃO - MA,9,54
LAGOA GRANDE DO MARANHÃO - MA,10,187
LAGOA GRANDE DO MARANHÃO - MA,11,88
LAGOA GRANDE DO MARANHÃO - MA,12,33
LAJEADO - TO,5,3
LAJEADO - TO,6,10
LAJEADO - TO,7,4
LAJEADO - TO,8,15
LAJEADO - TO,9,25
LAJEADO - TO,10,17
LAJEADO - TO,11,2
LAJEADO NOVO - MA,1,4
LAJEADO NOVO - MA,3,1
LAJEADO NOVO - MA,5,1
LAJEADO NOVO - MA,6,15
LAJEADO NOVO - MA,7,48
LAJEADO NOVO - MA,8,29
LAJEADO NOVO - MA,9,47
LAJEADO NOVO - MA,10,17
LAJEADO NOVO - MA,11,47
LAJEADO NOVO - MA,12,11
LAMBARI D'OESTE - MT,1,11
LAMBARI D'OESTE - MT,2,6
LAMBARI D'OESTE - MT,3,3
LAMBARI D'OESTE - MT,4,4
LAMBARI D'OESTE - MT,5,1
LAMBARI D'OESTE - MT,6,1
LAMBARI D'OESTE - MT,7,1
LAMBARI D'OESTE - MT,8,6
LAMBARI D'OESTE - MT,9,42
LAMBARI D'OESTE - MT,10,9
LAMBARI D'OESTE - MT,11,8
LAMBARI D'OESTE - MT,12,5
LARANJAL DO JARI - AP,1,4
LARANJAL DO JARI - AP,2,1
LARANJAL DO JARI - AP,3,1
LARANJAL DO JARI - AP,5,1
LARANJAL DO JARI - AP,8,13
LARANJAL DO JARI - AP,9,32
LARANJAL DO JARI - AP,10,109
LARANJAL DO JARI - AP,11,74
LARANJAL DO JARI - AP,12,15
LAVANDEIRA - TO,1,1
LAVANDEIRA - TO,4,1
LAVANDEIRA - TO,5,1
LAVANDEIRA - TO,6,2
LAVANDEIRA - TO,7,11
LAVANDEIRA - TO,8,40
LAVANDEIRA - TO,9,17
LAVANDEIRA - TO,10,28
LAVANDEIRA - TO,11,4
LIMA CAMPOS - MA,1,3
LIMA CAMPOS - MA,8,2
LIMA CAMPOS - MA,9,1
LIMA CAMPOS - MA,10,12
LIMA CAMPOS - MA,11,41
LIMA CAMPOS - MA,12,16
LIMOEIRO DO AJURU - PA,1,2
LIMOEIRO DO AJURU - PA,2,2
LIMOEIRO DO AJURU - PA,3,1
LIMOEIRO DO AJURU - PA,6,2
LIMOEIRO DO AJURU - PA,7,11
LIMOEIRO DO AJURU - PA,8,4
LIMOEIRO DO AJURU - PA,9,6
LIMOEIRO DO AJURU - PA,10,15
LIMOEIRO DO AJURU - PA,11,24
LIMOEIRO DO AJURU - PA,12,6
LIZARDA - TO,2,3
LIZARDA - TO,3,13
LIZARDA - TO,4,39
LIZARDA - TO,5,146
LIZARDA - TO,6,340
LIZARDA - TO,7,263
LIZARDA - TO,8,411
LIZARDA - TO,9,808
LIZARDA - TO,10,372
LIZARDA - TO,11,46
LIZARDA - TO,12,7
LORETO - MA,1,6
LORETO - MA,2,7
LORETO - MA,3,18
LORETO - MA,4,10
LORETO - MA,5,36
LORETO - MA,6,108
LORETO - MA,7,126
LORETO - MA,8,438
LORETO - MA,9,532
LORETO - MA,10,384
LORETO - MA,11,52
LORETO - MA,12,17
LUCAS DO RIO VERDE - MT,1,22
LUCAS DO RIO VERDE - MT,2,13
LUCAS DO RIO VERDE - MT,3,40
LUCAS DO RIO VERDE - MT,4,17
LUCAS DO RIO VERDE - MT,5,33
LUCAS DO RIO VERDE - MT,6,12
LUCAS DO RIO VERDE - MT,7,9
LUCAS DO RIO VERDE - MT,8,26
LUCAS DO RIO VERDE - MT,9,14
LUCAS DO RIO VERDE - MT,10,3
LUCAS DO RIO VERDE - MT,11,11
LUCAS DO RIO VERDE - MT,12,17
LUCIARA - MT,1,5
LUCIARA - MT,2,4
LUCIARA - MT,3,1
LUCIARA - MT,4,12
LUCIARA - MT,5,132
LUCIARA - MT,6,207
LUCIARA - MT,7,205
LUCIARA - MT,8,332
LUCIARA - MT,9,970
LUCIARA - MT,10,181
LUCIARA - MT,11,25
LUCIARA - MT,12,6
LUZINÓPOLIS - TO,3,1
LUZINÓPOLIS - TO,4,2
LUZINÓPOLIS - TO,5,2
LUZINÓPOLIS - TO,6,8
LUZINÓPOLIS - TO,7,33
LUZINÓPOLIS - TO,8,6
LUZINÓPOLIS - TO,9,7
LUZINÓPOLIS - TO,10,3
LUZINÓPOLIS - TO,11,17
LUZINÓPOLIS - TO,12,6
LUÍS DOMINGUES - MA,1,9
LUÍS DOMINGUES - MA,2,2
LUÍS DOMINGUES - MA,9,3
LUÍS DOMINGUES - MA,10,5
LUÍS DOMINGUES - MA,11,45
LUÍS DOMINGUES - MA,12,78
LÁBREA - AM,1,42
LÁBREA - AM,2,17
LÁBREA - AM,3,5
LÁBREA - AM,4,5
LÁBREA - AM,5,18
LÁBREA - AM,6,120
LÁBREA - AM,7,1445
LÁBREA - AM,8,8164
LÁBREA - AM,9,5427
LÁBREA - AM,10,1452
LÁBREA - AM,11,469
LÁBREA - AM,12,43
MACAPÁ - AP,1,2
MACAPÁ - AP,2,1
MACAPÁ - AP,4,4
MACAPÁ - AP,8,32
MACAPÁ - AP,9,139
MACAPÁ - AP,10,438
MACAPÁ - AP,11,442
MACAPÁ - AP,12,54
MACHADINHO D'OESTE - RO,1,15
MACHADINHO D'OESTE - RO,2,3
MACHADINHO D'OESTE - RO,3,2
MACHADINHO D'OESTE - RO,4,7
MACHADINHO D'OESTE - RO,5,4
MACHADINHO D'OESTE - RO,6,28
MACHADINHO D'OESTE - RO,7,98
MACHADINHO D'OESTE - RO,8,550
MACHADINHO D'OESTE - RO,9,840
MACHADINHO D'OESTE - RO,10,443
MACHADINHO D'OESTE - RO,11,220
MACHADINHO D'OESTE - RO,12,50
MAGALHÃES BARATA - PA,1,4
MAGALHÃES BARATA - PA,8,7
MAGALHÃES BARATA - PA,9,10
MAGALHÃES BARATA - PA,10,19
MAGALHÃES BARATA - PA,11,107
MAGALHÃES BARATA - PA,12,18
MANACAPURU - AM,1,11
MANACAPURU - AM,2,4
MANACAPURU - AM,3,3
MANACAPURU - AM,4,6
MANACAPURU - AM,5,1
MANACAPURU - AM,6,11
MANACAPURU - AM,7,106
MANACAPURU - AM,8,243
MANACAPURU - AM,9,262
MANACAPURU - AM,10,135
MANACAPURU - AM,11,29
MANACAPURU - AM,12,12
MANAQUIRI - AM,1,6
MANAQUIRI - AM,4,3
MANAQUIRI - AM,5,2
MANAQUIRI - AM,6,17
MANAQUIRI - AM,7,41
MANAQUIRI - AM,8,214
MANAQUIRI - AM,9,225
MANAQUIRI - AM,10,105
MANAQUIRI - AM,11,26
MANAQUIRI - AM,12,12
MANAUS - AM,1,11
MANAUS - AM,2,3
MANAUS - AM,3,4
MANAUS - AM,4,1
MANAUS - AM,6,5
MANAUS - AM,7,20
MANAUS - AM,8,74
MANAUS - AM,9,104
MANAUS - AM,10,50
MANAUS - AM,11,13
MANAUS - AM,12,8
MANICORÉ - AM,1,9
MANICORÉ - AM,2,4
MANICORÉ - AM,3,3
MANICORÉ - AM,4,3
MANICORÉ - AM,5,99
MANICORÉ - AM,6,169
MANICORÉ - AM,7,935
MANICORÉ - AM,8,3746
MANICORÉ - AM,9,1828
MANICORÉ - AM,10,400
MANICORÉ - AM,11,73
MANICORÉ - AM,12,18
MANOEL URBANO - AC,5,1
MANOEL URBANO - AC,6,8
MANOEL URBANO - AC,7,126
MANOEL URBANO - AC,8,1038
MANOEL URBANO - AC,9,935
MANOEL URBANO - AC,10,162
MANOEL URBANO - AC,11,39
MANOEL URBANO - AC,12,3
MARABÁ - PA,1,12
MARABÁ - PA,2,10
MARABÁ - PA,3,5
MARABÁ - PA,4,4
MARABÁ - PA,5,10
MARABÁ - PA,6,27
MARABÁ - PA,7,116
MARABÁ - PA,8,279
MARABÁ - PA,9,716
MARABÁ - PA,10,648
MARABÁ - PA,11,281
MARABÁ - PA,12,88
MARACANÃ - PA,1,2
MARACANÃ - PA,5,1
MARACANÃ - PA,7,2
MARACANÃ - PA,8,13
MARACANÃ - PA,9,19
MARACANÃ - PA,10,36
MARACANÃ - PA,11,187
MARACANÃ - PA,12,42
MARACAÇUMÉ - MA,1,7
MARACAÇUMÉ - MA,6,2
MARACAÇUMÉ - MA,7,3
MARACAÇUMÉ - MA,8,7
MARACAÇUMÉ - MA,9,16
MARACAÇUMÉ - MA,10,32
MARACAÇUMÉ - MA,11,40
MARACAÇUMÉ - MA,12,34
MARAJÁ DO SENA - MA,1,8
MARAJÁ DO SENA - MA,2,2
MARAJÁ DO SENA - MA,6,6
MARAJÁ DO SENA - MA,7,13
MARAJÁ DO SENA - MA,8,37
MARAJÁ DO SENA - MA,9,70
MARAJÁ DO SENA - MA,10,515
MARAJÁ DO SENA - MA,11,405
MARAJÁ DO SENA - MA,12,148
MARANHÃOZINHO - MA,1,4
MARANHÃOZINHO - MA,6,4
MARANHÃOZINHO - MA,7,6
MARANHÃOZINHO - MA,8,1
MARANHÃOZINHO - MA,9,17
MARANHÃOZINHO - MA,10,60
MARANHÃOZINHO - MA,11,90
MARANHÃOZINHO - MA,12,38
MARAPANIM - PA,1,5
MARAPANIM - PA,5,1
MARAPANIM - PA,7,5
MARAPANIM - PA,8,11
MARAPANIM - PA,9,39
MARAPANIM - PA,10,54
MARAPANIM - PA,11,158
MARAPANIM - PA,12,41
MARAÃ - AM,1,1
MARAÃ - AM,2,1
MARAÃ - AM,7,2
MARAÃ - AM,8,5
MARAÃ - AM,9,26
MARAÃ - AM,10,18
MARAÃ - AM,11,5
MARCELÂNDIA - MT,1,55
MARCELÂNDIA - MT,2,104
MARCELÂNDIA - MT,3,115
MARCELÂNDIA - MT,4,43
MARCELÂNDIA - MT,5,341
MARCELÂNDIA - MT,6,570
MARCELÂNDIA - MT,7,194
MARCELÂNDIA - MT,8,853
MARCELÂNDIA - MT,9,1647
MARCELÂNDIA - MT,10,242
MARCELÂNDIA - MT,11,79
MARCELÂNDIA - MT,12,56
MARECHAL THAUMATURGO - AC,2,1
MARECHAL THAUMATURGO - AC,5,7
MARECHAL THAUMATURGO - AC,6,10
MARECHAL THAUMATURGO - AC,7,51
MARECHAL THAUMATURGO - AC,8,392
MARECHAL THAUMATURGO - AC,9,652
MARECHAL THAUMATURGO - AC,10,102
MARECHAL THAUMATURGO - AC,11,7
MARIANÓPOLIS DO TOCANTINS - TO,1,3
MARIANÓPOLIS DO TOCANTINS - TO,2,10
MARIANÓPOLIS DO TOCANTINS - TO,3,19
MARIANÓPOLIS DO TOCANTINS - TO,4,11
MARIANÓPOLIS DO TOCANTINS - TO,5,54
MARIANÓPOLIS DO TOCANTINS - TO,6,54
MARIANÓPOLIS DO TOCANTINS - TO,7,15
MARIANÓPOLIS DO TOCANTINS - TO,8,26
MARIANÓPOLIS DO TOCANTINS - TO,9,138
MARIANÓPOLIS DO TOCANTINS - TO,10,48
MARIANÓPOLIS DO TOCANTINS - TO,11,6
MARIANÓPOLIS DO TOCANTINS - TO,12,10
MARITUBA - PA,10,1
MARITUBA - PA,11,1
MATEIROS - TO,1,7
MATEIROS - TO,2,9
MATEIROS - TO,3,35
MATEIROS - TO,4,59
MATEIROS - TO,5,455
MATEIROS - TO,6,673
MATEIROS - TO,7,525
MATEIROS - TO,8,510
MATEIROS - TO,9,583
MATEIROS - TO,10,319
MATEIROS - TO,11,24
MATEIROS - TO,12,11
MATINHA - MA,1,4
MATINHA - MA,6,1
MATINHA - MA,7,9
MATINHA - MA,8,4
MATINHA - MA,9,1
MATINHA - MA,10,4
MATINHA - MA,11,51
MATINHA - MA,12,10
MATUPÁ - MT,1,12
MATUPÁ - MT,2,14
MATUPÁ - MT,3,12
MATUPÁ - MT,4,4
MATUPÁ - MT,5,32
MATUPÁ - MT,6,35
MATUPÁ - MT,7,15
MATUPÁ - MT,8,62
MATUPÁ - MT,9,417
MATUPÁ - MT,10,76
MATUPÁ - MT,11,23
MATUPÁ - MT,12,1
MATÕES DO NORTE - MA,1,5
MATÕES DO NORTE - MA,5,4
MATÕES DO NORTE - MA,6,2
MATÕES DO NORTE - MA,7,3
MATÕES DO NORTE - MA,8,17
MATÕES DO NORTE - MA,9,62
MATÕES DO NORTE - MA,10,195
MATÕES DO NORTE - MA,11,91
MATÕES DO NORTE - MA,12,35
MAURILÂNDIA DO TOCANTINS - TO,3,1
MAURILÂNDIA DO TOCANTINS - TO,5,1
MAURILÂNDIA DO TOCANTINS - TO,6,26
MAURILÂNDIA DO TOCANTINS - TO,7,53
MAURILÂNDIA DO TOCANTINS - TO,8,104
MAURILÂNDIA DO TOCANTINS - TO,9,112
MAURILÂNDIA DO TOCANTINS - TO,10,21
MAURILÂNDIA DO TOCANTINS - TO,11,10
MAURILÂNDIA DO TOCANTINS - TO,12,1
MAUÉS - AM,1,7
MAUÉS - AM,2,4
MAUÉS - AM,3,3
MAUÉS - AM,4,1
MAUÉS - AM,5,2
MAUÉS - AM,6,25
MAUÉS - AM,7,463
MAUÉS - AM,8,1494
MAUÉS - AM,9,808
MAUÉS - AM,10,419
MAUÉS - AM,11,98
MAUÉS - AM,12,20
MAZAGÃO - AP,1,8
MAZAGÃO - AP,2,1
MAZAGÃO - AP,7,2
MAZAGÃO - AP,8,10
MAZAGÃO - AP,9,127
MAZAGÃO - AP,10,466
MAZAGÃO - AP,11,775
MAZAGÃO - AP,12,107
MEDICILÂNDIA - PA,1,26
MEDICILÂNDIA - PA,2,16
MEDICILÂNDIA - PA,3,5
MEDICILÂNDIA - PA,4,2
MEDICILÂNDIA - PA,5,2
MEDICILÂNDIA - PA,6,13
MEDICILÂNDIA - PA,7,34
MEDICILÂNDIA - PA,8,96
MEDICILÂNDIA - PA,9,374
MEDICILÂNDIA - PA,10,819
MEDICILÂNDIA - PA,11,660
MEDICILÂNDIA - PA,12,276
MELGAÇO - PA,6,3
MELGAÇO - PA,7,20
MELGAÇO - PA,8,42
MELGAÇO - PA,9,46
MELGAÇO - PA,10,100
MELGAÇO - PA,11,104
MELGAÇO - PA,12,9
MINISTRO ANDREAZZA - RO,6,4
MINISTRO ANDREAZZA - RO,9,7
MINISTRO ANDREAZZA - RO,10,21
MINISTRO ANDREAZZA - RO,11,4
MINISTRO ANDREAZZA - RO,12,5
MIRACEMA DO TOCANTINS - TO,1,2
MIRACEMA DO TOCANTINS - TO,2,7
MIRACEMA DO TOCANTINS - TO,3,11
MIRACEMA DO TOCANTINS - TO,4,9
MIRACEMA DO TOCANTINS - TO,5,58
MIRACEMA DO TOCANTINS - TO,6,90
MIRACEMA DO TOCANTINS - TO,7,75
MIRACEMA DO TOCANTINS - TO,8,139
MIRACEMA DO TOCANTINS - TO,9,209
MIRACEMA DO TOCANTINS - TO,10,80
MIRACEMA DO TOCANTINS - TO,11,25
MIRACEMA DO TOCANTINS - TO,12,13
MIRADOR - MA,1,25
MIRADOR - MA,2,10
MIRADOR - MA,3,22
MIRADOR - MA,4,33
MIRADOR - MA,5,204
MIRADOR - MA,6,536
MIRADOR - MA,7,1279
MIRADOR - MA,8,2067
MIRADOR - MA,9,1635
MIRADOR - MA,10,713
MIRADOR - MA,11,170
MIRADOR - MA,12,55
MIRANDA DO NORTE - MA,6,1
MIRANDA DO NORTE - MA,7,8
MIRANDA DO NORTE - MA,8,5
MIRANDA DO NORTE - MA,9,8
MIRANDA DO NORTE - MA,10,43
MIRANDA DO NORTE - MA,11,37
MIRANDA DO NORTE - MA,12,13
MIRANORTE - TO,1,1
MIRANORTE - TO,2,6
MIRANORTE - TO,3,4
MIRANORTE - TO,4,1
MIRANORTE - TO,5,7
MIRANORTE - TO,6,12
MIRANORTE - TO,7,17
MIRANORTE - TO,8,24
MIRANORTE - TO,9,13
MIRANORTE - TO,10,14
MIRANORTE - TO,11,1
MIRANORTE - TO,12,4
MIRANTE DA SERRA - RO,1,1
MIRANTE DA SERRA - RO,7,20
MIRANTE DA SERRA - RO,8,57
MIRANTE DA SERRA - RO,9,69
MIRANTE DA SERRA - RO,10,25
MIRANTE DA SERRA - RO,11,10
MIRANTE DA SERRA - RO,12,2
MIRASSOL D'OESTE - MT,1,4
MIRASSOL D'OESTE - MT,3,2
MIRASSOL D'OESTE - MT,4,2
MIRASSOL D'OESTE - MT,6,1
MIRASSOL D'OESTE - MT,7,1
MIRASSOL D'OESTE - MT,8,11
MIRASSOL D'OESTE - MT,9,7
MIRASSOL D'OESTE - MT,10,10
MIRASSOL D'OESTE - MT,11,14
MIRASSOL D'OESTE - MT,12,7
MIRINZAL - MA,1,9
MIRINZAL - MA,7,1
MIRINZAL - MA,8,14
MIRINZAL - MA,9,117
MIRINZAL - MA,10,17
MIRINZAL - MA,11,28
MIRINZAL - MA,12,81
MOCAJUBA - PA,1,10
MOCAJUBA - PA,2,1
MOCAJUBA - PA,5,4
MOCAJUBA - PA,6,43
MOCAJUBA - PA,7,145
MOCAJUBA - PA,8,77
MOCAJUBA - PA,9,48
MOCAJUBA - PA,10,226
MOCAJUBA - PA,11,246
MOCAJUBA - PA,12,34
MOJU - PA,1,88
MOJU - PA,2,23
MOJU - PA,3,2
MOJU - PA,4,5
MOJU - PA,5,32
MOJU - PA,6,184
MOJU - PA,7,486
MOJU - PA,8,520
MOJU - PA,9,616
MOJU - PA,10,1342
MOJU - PA,11,1509
MOJU - PA,12,346
MOJUÍ DOS CAMPOS - PA,1,45
MOJUÍ DOS CAMPOS - PA,2,31
MOJUÍ DOS CAMPOS - PA,3,7
MOJUÍ DOS CAMPOS - PA,4,7
MOJUÍ DOS CAMPOS - PA,5,8
MOJUÍ DOS CAMPOS - PA,6,23
MOJUÍ DOS CAMPOS - PA,7,45
MOJUÍ DOS CAMPOS - PA,8,178
MOJUÍ DOS CAMPOS - PA,9,347
MOJUÍ DOS CAMPOS - PA,10,717
MOJUÍ DOS CAMPOS - PA,11,498
MOJUÍ DOS CAMPOS - PA,12,246
MONTE ALEGRE - PA,1,128
MONTE ALEGRE - PA,2,43
MONTE ALEGRE - PA,3,14
MONTE ALEGRE - PA,4,11
MONTE ALEGRE - PA,5,11
MONTE ALEGRE - PA,6,21
MONTE ALEGRE - PA,7,51
MONTE ALEGRE - PA,8,99
MONTE ALEGRE - PA,9,461
MONTE ALEGRE - PA,10,597
MONTE ALEGRE - PA,11,691
MONTE ALEGRE - PA,12,464
MONTE DO CARMO - TO,1,6
MONTE DO CARMO - TO,2,17
MONTE DO CARMO - TO,3,4
MONTE DO CARMO - TO,4,14
MONTE DO CARMO - TO,5,60
MONTE DO CARMO - TO,6,55
MONTE DO CARMO - TO,7,29
MONTE DO CARMO - TO,8,80
MONTE DO CARMO - TO,9,307
MONTE DO CARMO - TO,10,321
MONTE DO CARMO - TO,11,33
MONTE DO CARMO - TO,12,5
MONTE NEGRO - RO,1,3
MONTE NEGRO - RO,2,1
MONTE NEGRO - RO,3,1
MONTE NEGRO - RO,5,2
MONTE NEGRO - RO,6,4
MONTE NEGRO - RO,7,11
MONTE NEGRO - RO,8,93
MONTE NEGRO - RO,9,112
MONTE NEGRO - RO,10,65
MONTE NEGRO - RO,11,45
MONTE NEGRO - RO,12,4
MONTE SANTO DO TOCANTINS - TO,1,1
MONTE SANTO DO TOCANTINS - TO,3,1
MONTE SANTO DO TOCANTINS - TO,4,3
MONTE SANTO DO TOCANTINS - TO,5,13
MONTE SANTO DO TOCANTINS - TO,6,17
MONTE SANTO DO TOCANTINS - TO,7,11
MONTE SANTO DO TOCANTINS - TO,8,19
MONTE SANTO DO TOCANTINS - TO,9,50
MONTE SANTO DO TOCANTINS - TO,10,32
MONTE SANTO DO TOCANTINS - TO,11,22
MONTE SANTO DO TOCANTINS - TO,12,2
MONTES ALTOS - MA,6,15
MONTES ALTOS - MA,7,16
MONTES ALTOS - MA,8,20
MONTES ALTOS - MA,9,104
MONTES ALTOS - MA,10,30
MONTES ALTOS - MA,11,23
MONTES ALTOS - MA,12,9
MONÇÃO - MA,1,3
MONÇÃO - MA,6,11
MONÇÃO - MA,7,2
MONÇÃO - MA,8,5
MONÇÃO - MA,9,10
MONÇÃO - MA,10,128
MONÇÃO - MA,11,148
MONÇÃO - MA,12,66
MORROS - MA,7,1
MORROS - MA,8,2
MORROS - MA,9,9
MORROS - MA,10,2
MORROS - MA,11,8
MORROS - MA,12,2
MUANÁ - PA,1,2
MUANÁ - PA,2,1
MUANÁ - PA,3,5
MUANÁ - PA,5,1
MUANÁ - PA,6,9
MUANÁ - PA,7,37
MUANÁ - PA,8,76
MUANÁ - PA,9,146
MUANÁ - PA,10,112
MUANÁ - PA,11,59
MUANÁ - PA,12,9
MUCAJAÍ - RR,1,13
MUCAJAÍ - RR,2,414
MUCAJAÍ - RR,3,191
MUCAJAÍ - RR,4,106
MUCAJAÍ - RR,5,6
MUCAJAÍ - RR,6,1
MUCAJAÍ - RR,7,1
MUCAJAÍ - RR,8,11
MUCAJAÍ - RR,9,29
MUCAJAÍ - RR,10,10
MUCAJAÍ - RR,11,15
MUCAJAÍ - RR,12,16
MURICILÂNDIA - TO,1,6
MURICILÂNDIA - TO,2,6
MURICILÂNDIA - TO,3,1
MURICILÂNDIA - TO,4,1
MURICILÂNDIA - TO,5,3
MURICILÂNDIA - TO,6,11
MURICILÂNDIA - TO,7,9
MURICILÂNDIA - TO,8,10
MURICILÂNDIA - TO,9,7
MURICILÂNDIA - TO,10,15
MURICILÂNDIA - TO,11,14
MURICILÂNDIA - TO,12,4
MÂNCIO LIMA - AC,1,23
MÂNCIO LIMA - AC,2,1
MÂNCIO LIMA - AC,4,1
MÂNCIO LIMA - AC,5,5
MÂNCIO LIMA - AC,6,11
MÂNCIO LIMA - AC,7,62
MÂNCIO LIMA - AC,8,247
MÂNCIO LIMA - AC,9,430
MÂNCIO LIMA - AC,10,132
MÂNCIO LIMA - AC,11,37
MÂNCIO LIMA - AC,12,2
MÃE DO RIO - PA,1,3
MÃE DO RIO - PA,2,2
MÃE DO RIO - PA,6,3
MÃE DO RIO - PA,7,4
MÃE DO RIO - PA,8,8
MÃE DO RIO - PA,9,6
MÃE DO RIO - PA,10,5
MÃE DO RIO - PA,11,28
MÃE DO RIO - PA,12,12
NATIVIDADE - TO,1,4
NATIVIDADE - TO,2,9
NATIVIDADE - TO,3,3
NATIVIDADE - TO,4,5
NATIVIDADE - TO,5,88
NATIVIDADE - TO,6,103
NATIVIDADE - TO,7,78
NATIVIDADE - TO,8,60
NATIVIDADE - TO,9,348
NATIVIDADE - TO,10,252
NATIVIDADE - TO,11,19
NATIVIDADE - TO,12,23
NAZARÉ - TO,1,2
NAZARÉ - TO,2,1
NAZARÉ - TO,5,1
NAZARÉ - TO,6,4
NAZARÉ - TO,7,6
NAZARÉ - TO,8,16
NAZARÉ - TO,9,24
NAZARÉ - TO,10,18
NAZARÉ - TO,11,17
NAZARÉ - TO,12,1
NHAMUNDÁ - AM,1,8
NHAMUNDÁ - AM,2,2
NHAMUNDÁ - AM,5,2
NHAMUNDÁ - AM,6,4
NHAMUNDÁ - AM,7,23
NHAMUNDÁ - AM,8,40
NHAMUNDÁ - AM,9,267
NHAMUNDÁ - AM,10,364
NHAMUNDÁ - AM,11,118
NHAMUNDÁ - AM,12,45
NOBRES - MT,1,20
NOBRES - MT,2,14
NOBRES - MT,3,25
NOBRES - MT,4,12
NOBRES - MT,5,4
NOBRES - MT,6,16
NOBRES - MT,7,10
NOBRES - MT,8,104
NOBRES - MT,9,266
NOBRES - MT,10,21
NOBRES - MT,11,7
NOBRES - MT,12,5
NORMANDIA - RR,1,237
NORMANDIA - RR,2,222
NORMANDIA - RR,3,97
NORMANDIA - RR,4,45
NORMANDIA - RR,5,6
NORMANDIA - RR,6,2
NORMANDIA - RR,7,3
NORMANDIA - RR,8,20
NORMANDIA - RR,9,51
NORMANDIA - RR,10,149
NORMANDIA - RR,11,224
NORMANDIA - RR,12,148
NORTELÂNDIA - MT,1,3
NORTELÂNDIA - MT,2,4
NORTELÂNDIA - MT,3,2
NORTELÂNDIA - MT,4,6
NORTELÂNDIA - MT,5,1
NORTELÂNDIA - MT,6,6
NORTELÂNDIA - MT,7,2
NORTELÂNDIA - MT,8,23
NORTELÂNDIA - MT,9,30
NORTELÂNDIA - MT,10,2
NORTELÂNDIA - MT,11,4
NORTELÂNDIA - MT,12,3
NOSSA SENHORA DO LIVRAMENTO - MT,1,4
NOSSA SENHORA DO LIVRAMENTO - MT,2,1
NOSSA SENHORA DO LIVRAMENTO - MT,3,4
NOSSA SENHORA DO LIVRAMENTO - MT,4,2
NOSSA SENHORA DO LIVRAMENTO - MT,5,7
NOSSA SENHORA DO LIVRAMENTO - MT,6,16
NOSSA SENHORA DO LIVRAMENTO - MT,7,41
NOSSA SENHORA DO LIVRAMENTO - MT,8,309
NOSSA SENHORA DO LIVRAMENTO - MT,9,543
NOSSA SENHORA DO LIVRAMENTO - MT,10,77
NOSSA SENHORA DO LIVRAMENTO - MT,11,32
NOSSA SENHORA DO LIVRAMENTO - MT,12,9
NOVA BANDEIRANTES - MT,2,4
NOVA BANDEIRANTES - MT,3,1
NOVA BANDEIRANTES - MT,5,24
NOVA BANDEIRANTES - MT,6,137
NOVA BANDEIRANTES - MT,7,264
NOVA BANDEIRANTES - MT,8,1171
NOVA BANDEIRANTES - MT,9,1379
NOVA BANDEIRANTES - MT,10,258
NOVA BANDEIRANTES - MT,11,47
NOVA BANDEIRANTES - MT,12,9
NOVA BRASILÂNDIA - MT,2,4
NOVA BRASILÂNDIA - MT,3,6
NOVA BRASILÂNDIA - MT,4,3
NOVA BRASILÂNDIA - MT,5,5
NOVA BRASILÂNDIA - MT,6,14
NOVA BRASILÂNDIA - MT,7,5
NOVA BRASILÂNDIA - MT,8,87
NOVA BRASILÂNDIA - MT,9,182
NOVA BRASILÂNDIA - MT,10,46
NOVA BRASILÂNDIA - MT,11,4
NOVA BRASILÂNDIA - MT,12,3
NOVA BRASILÂNDIA D'OESTE - RO,2,2
NOVA BRASILÂNDIA D'OESTE - RO,7,13
NOVA BRASILÂNDIA D'OESTE - RO,8,30
NOVA BRASILÂNDIA D'OESTE - RO,9,28
NOVA BRASILÂNDIA D'OESTE - RO,10,25
NOVA BRASILÂNDIA D'OESTE - RO,11,12
NOVA BRASILÂNDIA D'OESTE - RO,12,4
NOVA CANAÃ DO NORTE - MT,1,18
NOVA CANAÃ DO NORTE - MT,2,16
NOVA CANAÃ DO NORTE - MT,3,25
NOVA CANAÃ DO NORTE - MT,4,15
NOVA CANAÃ DO NORTE - MT,5,76
NOVA CANAÃ DO NORTE - MT,6,132
NOVA CANAÃ DO NORTE - MT,7,109
NOVA CANAÃ DO NORTE - MT,8,80
NOVA CANAÃ DO NORTE - MT,9,270
NOVA CANAÃ DO NORTE - MT,10,112
NOVA CANAÃ DO NORTE - MT,11,72
NOVA CANAÃ DO NORTE - MT,12,34
NOVA COLINAS - MA,1,1
NOVA COLINAS - MA,4,2
NOVA COLINAS - MA,6,1
NOVA COLINAS - MA,7,3
NOVA COLINAS - MA,8,22
NOVA COLINAS - MA,9,70
NOVA COLINAS - MA,10,34
NOVA COLINAS - MA,11,20
NOVA COLINAS - MA,12,3
NOVA ESPERANÇA DO PIRIÁ - PA,1,15
NOVA ESPERANÇA DO PIRIÁ - PA,2,3
NOVA ESPERANÇA DO PIRIÁ - PA,3,2
NOVA ESPERANÇA DO PIRIÁ - PA,4,1
NOVA ESPERANÇA DO PIRIÁ - PA,6,10
NOVA ESPERANÇA DO PIRIÁ - PA,7,23
NOVA ESPERANÇA DO PIRIÁ - PA,8,31
NOVA ESPERANÇA DO PIRIÁ - PA,9,56
NOVA ESPERANÇA DO PIRIÁ - PA,10,237
NOVA ESPERANÇA DO PIRIÁ - PA,11,358
NOVA ESPERANÇA DO PIRIÁ - PA,12,80
NOVA GUARITA - MT,1,4
NOVA GUARITA - MT,2,7
NOVA GUARITA - MT,3,3
NOVA GUARITA - MT,5,1
NOVA GUARITA - MT,6,2
NOVA GUARITA - MT,7,10
NOVA GUARITA - MT,8,1
NOVA GUARITA - MT,9,7
NOVA GUARITA - MT,10,3
NOVA GUARITA - MT,11,3
NOVA GUARITA - MT,12,1
NOVA IORQUE - MA,1,2
NOVA IORQUE - MA,2,2
NOVA IORQUE - MA,4,1
NOVA IORQUE - MA,5,3
NOVA IORQUE - MA,6,21
NOVA IORQUE - MA,7,94
NOVA IORQUE - MA,8,116
NOVA IORQUE - MA,9,121
NOVA IORQUE - MA,10,40
NOVA IORQUE - MA,11,5
NOVA IORQUE - MA,12,1
NOVA IPIXUNA - PA,2,1
NOVA IPIXUNA - PA,4,1
NOVA IPIXUNA - PA,5,1
NOVA IPIXUNA - PA,6,3
NOVA IPIXUNA - PA,7,6
NOVA IPIXUNA - PA,8,24
NOVA IPIXUNA - PA,9,62
NOVA IPIXUNA - PA,10,75
NOVA IPIXUNA - PA,11,59
NOVA IPIXUNA - PA,12,20
NOVA LACERDA - MT,1,11
NOVA LACERDA - MT,2,18
NOVA LACERDA - MT,3,48
NOVA LACERDA - MT,4,17
NOVA LACERDA - MT,5,47
NOVA LACERDA - MT,6,56
NOVA LACERDA - MT,7,63
NOVA LACERDA - MT,8,293
NOVA LACERDA - MT,9,376
NOVA LACERDA - MT,10,54
NOVA LACERDA - MT,11,67
NOVA LACERDA - MT,12,16
NOVA MAMORÉ - RO,1,4
NOVA MAMORÉ - RO,3,3
NOVA MAMORÉ - RO,4,6
NOVA MAMORÉ - RO,5,10
NOVA MAMORÉ - RO,6,21
NOVA MAMORÉ - RO,7,369
NOVA MAMORÉ - RO,8,1892
NOVA MAMORÉ - RO,9,1570
NOVA MAMORÉ - RO,10,523
NOVA MAMORÉ - RO,11,203
NOVA MAMORÉ - RO,12,11
NOVA MARILÂNDIA - MT,1,8
NOVA MARILÂNDIA - MT,2,5
NOVA MARILÂNDIA - MT,3,5
NOVA MARILÂNDIA - MT,4,11
NOVA MARILÂNDIA - MT,5,9
NOVA MARILÂNDIA - MT,6,21
NOVA MARILÂNDIA - MT,7,5
NOVA MARILÂNDIA - MT,8,20
NOVA MARILÂNDIA - MT,9,60
NOVA MARILÂNDIA - MT,10,12
NOVA MARILÂNDIA - MT,11,11
NOVA MARILÂNDIA - MT,12,16
NOVA MARINGÁ - MT,1,122
NOVA MARINGÁ - MT,2,197
NOVA MARINGÁ - MT,3,335
NOVA MARINGÁ - MT,4,221
NOVA MARINGÁ - MT,5,444
NOVA MARINGÁ - MT,6,688
NOVA MARINGÁ - MT,7,231
NOVA MARINGÁ - MT,8,948
NOVA MARINGÁ - MT,9,761
NOVA MARINGÁ - MT,10,169
NOVA MARINGÁ - MT,11,188
NOVA MARINGÁ - MT,12,123
NOVA MONTE VERDE - MT,1,9
NOVA MONTE VERDE - MT,2,9
NOVA MONTE VERDE - MT,3,8
NOVA MONTE VERDE - MT,4,3
NOVA MONTE VERDE - MT,5,36
NOVA MONTE VERDE - MT,6,92
NOVA MONTE VERDE - MT,7,72
NOVA MONTE VERDE - MT,8,264
NOVA MONTE VERDE - MT,9,388
NOVA MONTE VERDE - MT,10,100
NOVA MONTE VERDE - MT,11,10
NOVA MONTE VERDE - MT,12,6
NOVA MUTUM - MT,1,109
NOVA MUTUM - MT,2,55
NOVA MUTUM - MT,3,174
NOVA MUTUM - MT,4,75
NOVA MUTUM - MT,5,72
NOVA MUTUM - MT,6,56
NOVA MUTUM - MT,7,26
NOVA MUTUM - MT,8,115
NOVA MUTUM - MT,9,163
NOVA MUTUM - MT,10,27
NOVA MUTUM - MT,11,39
NOVA MUTUM - MT,12,29
NOVA NAZARÉ - MT,1,3
NOVA NAZARÉ - MT,2,3
NOVA NAZARÉ - MT,3,5
NOVA NAZARÉ - MT,4,4
NOVA NAZARÉ - MT,5,24
NOVA NAZARÉ - MT,6,90
NOVA NAZARÉ - MT,7,243
NOVA NAZARÉ - MT,8,1284
NOVA NAZARÉ - MT,9,1119
NOVA NAZARÉ - MT,10,83
NOVA NAZARÉ - MT,11,17
NOVA NAZARÉ - MT,12,9
NOVA OLINDA - TO,2,3
NOVA OLINDA - TO,4,2
NOVA OLINDA - TO,5,13
NOVA OLINDA - TO,6,18
NOVA OLINDA - TO,7,41
NOVA OLINDA - TO,8,72
NOVA OLINDA - TO,9,107
NOVA OLINDA - TO,10,15
NOVA OLINDA - TO,11,10
NOVA OLINDA - TO,12,3
NOVA OLINDA DO MARANHÃO - MA,1,7
NOVA OLINDA DO MARANHÃO - MA,2,3
NOVA OLINDA DO MARANHÃO - MA,6,2
NOVA OLINDA DO MARANHÃO - MA,7,13
NOVA OLINDA DO MARANHÃO - MA,8,8
NOVA OLINDA DO MARANHÃO - MA,9,42
NOVA OLINDA DO MARANHÃO - MA,10,76
NOVA OLINDA DO MARANHÃO - MA,11,113
NOVA OLINDA DO MARANHÃO - MA,12,62
NOVA OLINDA DO NORTE - AM,1,4
NOVA OLINDA DO NORTE - AM,2,2
NOVA OLINDA DO NORTE - AM,3,1
NOVA OLINDA DO NORTE - AM,6,9
NOVA OLINDA DO NORTE - AM,7,65
NOVA OLINDA DO NORTE - AM,8,200
NOVA OLINDA DO NORTE - AM,9,238
NOVA OLINDA DO NORTE - AM,10,188
NOVA OLINDA DO NORTE - AM,11,43
NOVA OLINDA DO NORTE - AM,12,15
NOVA OLÍMPIA - MT,1,5
NOVA OLÍMPIA - MT,2,1
NOVA OLÍMPIA - MT,3,10
NOVA OLÍMPIA - MT,4,7
NOVA OLÍMPIA - MT,5,10
NOVA OLÍMPIA - MT,6,2
NOVA OLÍMPIA - MT,7,4
NOVA OLÍMPIA - MT,8,72
NOVA OLÍMPIA - MT,9,65
NOVA OLÍMPIA - MT,10,7
NOVA OLÍMPIA - MT,11,16
NOVA OLÍMPIA - MT,12,3
NOVA ROSALÂNDIA - TO,1,1
NOVA ROSALÂNDIA - TO,3,5
NOVA ROSALÂNDIA - TO,5,11
NOVA ROSALÂNDIA - TO,6,10
NOVA ROSALÂNDIA - TO,7,3
NOVA ROSALÂNDIA - TO,8,5
NOVA ROSALÂNDIA - TO,9,16
NOVA ROSALÂNDIA - TO,10,19
NOVA ROSALÂNDIA - TO,11,8
NOVA ROSALÂNDIA - TO,12,4
NOVA SANTA HELENA - MT,1,9
NOVA SANTA HELENA - MT,2,22
NOVA SANTA HELENA - MT,3,22
NOVA SANTA HELENA - MT,4,6
NOVA SANTA HELENA - MT,5,18
NOVA SANTA HELENA - MT,6,25
NOVA SANTA HELENA - MT,7,102
NOVA SANTA HELENA - MT,8,461
NOVA SANTA HELENA - MT,9,272
NOVA SANTA HELENA - MT,10,55
NOVA SANTA HELENA - MT,11,14
NOVA SANTA HELENA - MT,12,4
NOVA TIMBOTEUA - PA,1,4
NOVA TIMBOTEUA - PA,7,1
NOVA TIMBOTEUA - PA,8,6
NOVA TIMBOTEUA - PA,9,5
NOVA TIMBOTEUA - PA,10,22
NOVA TIMBOTEUA - PA,11,57
NOVA TIMBOTEUA - PA,12,18
NOVA UBIRATÃ - MT,1,122
NOVA UBIRATÃ - MT,2,124
NOVA UBIRATÃ - MT,3,210
NOVA UBIRATÃ - MT,4,158
NOVA UBIRATÃ - MT,5,323
NOVA UBIRATÃ - MT,6,340
NOVA UBIRATÃ - MT,7,72
NOVA UBIRATÃ - MT,8,312
NOVA UBIRATÃ - MT,9,610
NOVA UBIRATÃ - MT,10,183
NOVA UBIRATÃ - MT,11,91
NOVA UBIRATÃ - MT,12,87
NOVA UNIÃO - RO,1,1
NOVA UNIÃO - RO,7,8
NOVA UNIÃO - RO,8,85
NOVA UNIÃO - RO,9,53
NOVA UNIÃO - RO,10,20
NOVA UNIÃO - RO,11,12
NOVA UNIÃO - RO,12,2
NOVA XAVANTINA - MT,1,13
NOVA XAVANTINA - MT,2,17
NOVA XAVANTINA - MT,3,26
NOVA XAVANTINA - MT,4,27
NOVA XAVANTINA - MT,5,23
NOVA XAVANTINA - MT,6,39
NOVA XAVANTINA - MT,7,35
NOVA XAVANTINA - MT,8,60
NOVA XAVANTINA - MT,9,144
NOVA XAVANTINA - MT,10,102
NOVA XAVANTINA - MT,11,22
NOVA XAVANTINA - MT,12,14
NOVO ACORDO - TO,1,3
NOVO ACORDO - TO,2,5
NOVO ACORDO - TO,3,5
NOVO ACORDO - TO,4,19
NOVO ACORDO - TO,5,58
NOVO ACORDO - TO,6,119
NOVO ACORDO - TO,7,105
NOVO ACORDO - TO,8,114
NOVO ACORDO - TO,9,250
NOVO ACORDO - TO,10,187
NOVO ACORDO - TO,11,25
NOVO ACORDO - TO,12,8
NOVO AIRÃO - AM,1,7
NOVO AIRÃO - AM,2,4
NOVO AIRÃO - AM,3,3
NOVO AIRÃO - AM,4,3
NOVO AIRÃO - AM,7,9
NOVO AIRÃO - AM,8,53
NOVO AIRÃO - AM,9,63
NOVO AIRÃO - AM,10,26
NOVO AIRÃO - AM,11,29
NOVO AIRÃO - AM,12,15
NOVO ALEGRE - TO,7,3
NOVO ALEGRE - TO,9,2
NOVO ALEGRE - TO,10,5
NOVO ARIPUANÃ - AM,1,18
NOVO ARIPUANÃ - AM,2,11
NOVO ARIPUANÃ - AM,3,3
NOVO ARIPUANÃ - AM,4,2
NOVO ARIPUANÃ - AM,5,20
NOVO ARIPUANÃ - AM,6,81
NOVO ARIPUANÃ - AM,7,1022
NOVO ARIPUANÃ - AM,8,5187
NOVO ARIPUANÃ - AM,9,2377
NOVO ARIPUANÃ - AM,10,679
NOVO ARIPUANÃ - AM,11,130
NOVO ARIPUANÃ - AM,12,27
NOVO HORIZONTE DO NORTE - MT,1,4
NOVO HORIZONTE DO NORTE - MT,2,9
NOVO HORIZONTE DO NORTE - MT,3,3
NOVO HORIZONTE DO NORTE - MT,4,4
NOVO HORIZONTE DO NORTE - MT,5,5
NOVO HORIZONTE DO NORTE - MT,6,3
NOVO HORIZONTE DO NORTE - MT,8,1
NOVO HORIZONTE DO NORTE - MT,9,20
NOVO HORIZONTE DO NORTE - MT,10,8
NOVO HORIZONTE DO NORTE - MT,11,1
NOVO HORIZONTE DO NORTE - MT,12,3
NOVO HORIZONTE DO OESTE - RO,2,1
NOVO HORIZONTE DO OESTE - RO,4,1
NOVO HORIZONTE DO OESTE - RO,9,2
NOVO HORIZONTE DO OESTE - RO,10,4
NOVO HORIZONTE DO OESTE - RO,11,5
NOVO JARDIM - TO,3,2
NOVO JARDIM - TO,4,2
NOVO JARDIM - TO,5,10
NOVO JARDIM - TO,6,33
NOVO JARDIM - TO,7,57
NOVO JARDIM - TO,8,131
NOVO JARDIM - TO,9,97
NOVO JARDIM - TO,10,54
NOVO JARDIM - TO,11,13
NOVO JARDIM - TO,12,3
NOVO MUNDO - MT,1,8
NOVO MUNDO - MT,2,13
NOVO MUNDO - MT,3,6
NOVO MUNDO - MT,4,3
NOVO MUNDO - MT,5,40
NOVO MUNDO - MT,6,52
NOVO MUNDO - MT,7,42
NOVO MUNDO - MT,8,321
NOVO MUNDO - MT,9,483
NOVO MUNDO - MT,10,99
NOVO MUNDO - MT,11,11
NOVO MUNDO - MT,12,2
NOVO PROGRESSO - PA,1,8
NOVO PROGRESSO - PA,2,17
NOVO PROGRESSO - PA,3,8
NOVO PROGRESSO - PA,4,4
NOVO PROGRESSO - PA,5,26
NOVO PROGRESSO - PA,6,118
NOVO PROGRESSO - PA,7,883
NOVO PROGRESSO - PA,8,8093
NOVO PROGRESSO - PA,9,3867
NOVO PROGRESSO - PA,10,332
NOVO PROGRESSO - PA,11,100
NOVO PROGRESSO - PA,12,16
NOVO REPARTIMENTO - PA,1,34
NOVO REPARTIMENTO - PA,2,12
NOVO REPARTIMENTO - PA,3,2
NOVO REPARTIMENTO - PA,4,1
NOVO REPARTIMENTO - PA,5,4
NOVO REPARTIMENTO - PA,6,14
NOVO REPARTIMENTO - PA,7,72
NOVO REPARTIMENTO - PA,8,223
NOVO REPARTIMENTO - PA,9,640
NOVO REPARTIMENTO - PA,10,1081
NOVO REPARTIMENTO - PA,11,973
NOVO REPARTIMENTO - PA,12,256
NOVO SANTO ANTÔNIO - MT,1,11
NOVO SANTO ANTÔNIO - MT,2,3
NOVO SANTO ANTÔNIO - MT,3,10
NOVO SANTO ANTÔNIO - MT,4,8
NOVO SANTO ANTÔNIO - MT,5,55
NOVO SANTO ANTÔNIO - MT,6,76
NOVO SANTO ANTÔNIO - MT,7,21
NOVO SANTO ANTÔNIO - MT,8,206
NOVO SANTO ANTÔNIO - MT,9,382
NOVO SANTO ANTÔNIO - MT,10,308
NOVO SANTO ANTÔNIO - MT,11,60
NOVO SANTO ANTÔNIO - MT,12,9
NOVO SÃO JOAQUIM - MT,1,9
NOVO SÃO JOAQUIM - MT,2,9
NOVO SÃO JOAQUIM - MT,3,20
NOVO SÃO JOAQUIM - MT,4,9
NOVO SÃO JOAQUIM - MT,5,22
NOVO SÃO JOAQUIM - MT,6,19
NOVO SÃO JOAQUIM - MT,7,20
NOVO SÃO JOAQUIM - MT,8,137
NOVO SÃO JOAQUIM - MT,9,131
NOVO SÃO JOAQUIM - MT,10,33
NOVO SÃO JOAQUIM - MT,11,10
NOVO SÃO JOAQUIM - MT,12,9
OEIRAS DO PARÁ - PA,1,2
OEIRAS DO PARÁ - PA,3,1
OEIRAS DO PARÁ - PA,5,2
OEIRAS DO PARÁ - PA,6,1
OEIRAS DO PARÁ - PA,7,22
OEIRAS DO PARÁ - PA,8,29
OEIRAS DO PARÁ - PA,9,65
OEIRAS DO PARÁ - PA,10,612
OEIRAS DO PARÁ - PA,11,487
OEIRAS DO PARÁ - PA,12,84
OIAPOQUE - AP,1,1
OIAPOQUE - AP,8,5
OIAPOQUE - AP,9,134
OIAPOQUE - AP,10,502
OIAPOQUE - AP,11,157
OIAPOQUE - AP,12,47
OLHO D'ÁGUA DAS CUNHÃS - MA,1,2
OLHO D'ÁGUA DAS CUNHÃS - MA,2,1
OLHO D'ÁGUA DAS CUNHÃS - MA,7,1
OLHO D'ÁGUA DAS CUNHÃS - MA,8,4
OLHO D'ÁGUA DAS CUNHÃS - MA,9,4
OLHO D'ÁGUA DAS CUNHÃS - MA,10,19
OLHO D'ÁGUA DAS CUNHÃS - MA,11,11
OLHO D'ÁGUA DAS CUNHÃS - MA,12,9
OLINDA NOVA DO MARANHÃO - MA,1,1
OLINDA NOVA DO MARANHÃO - MA,7,15
OLINDA NOVA DO MARANHÃO - MA,8,14
OLINDA NOVA DO MARANHÃO - MA,9,10
OLINDA NOVA DO MARANHÃO - MA,10,5
OLINDA NOVA DO MARANHÃO - MA,11,57
OLINDA NOVA DO MARANHÃO - MA,12,13
OLIVEIRA DE FÁTIMA - TO,5,1
OLIVEIRA DE FÁTIMA - TO,6,7
OLIVEIRA DE FÁTIMA - TO,7,5
OLIVEIRA DE FÁTIMA - TO,8,1
OLIVEIRA DE FÁTIMA - TO,9,7
OLIVEIRA DE FÁTIMA - TO,10,1
ORIXIMINÁ - PA,1,38
ORIXIMINÁ - PA,2,18
ORIXIMINÁ - PA,3,7
ORIXIMINÁ - PA,4,6
ORIXIMINÁ - PA,5,8
ORIXIMINÁ - PA,6,38
ORIXIMINÁ - PA,7,81
ORIXIMINÁ - PA,8,229
ORIXIMINÁ - PA,9,433
ORIXIMINÁ - PA,10,819
ORIXIMINÁ - PA,11,624
ORIXIMINÁ - PA,12,251
OURILÂNDIA DO NORTE - PA,5,5
OURILÂNDIA DO NORTE - PA,6,11
OURILÂNDIA DO NORTE - PA,7,98
OURILÂNDIA DO NORTE - PA,8,757
OURILÂNDIA DO NORTE - PA,9,1656
OURILÂNDIA DO NORTE - PA,10,58
OURILÂNDIA DO NORTE - PA,11,18
OURILÂNDIA DO NORTE - PA,12,2
OURO PRETO DO OESTE - RO,1,2
OURO PRETO DO OESTE - RO,2,1
OURO PRETO DO OESTE - RO,6,2
OURO PRETO DO OESTE - RO,7,12
OURO PRETO DO OESTE - RO,8,10
OURO PRETO DO OESTE - RO,9,134
OURO PRETO DO OESTE - RO,10,32
OURO PRETO DO OESTE - RO,11,14
OURO PRETO DO OESTE - RO,12,4
OURÉM - PA,1,4
OURÉM - PA,2,2
OURÉM - PA,4,1
OURÉM - PA,5,2
OURÉM - PA,6,2
OURÉM - PA,7,5
OURÉM - PA,8,14
OURÉM - PA,9,14
OURÉM - PA,10,43
OURÉM - PA,11,62
OURÉM - PA,12,47
PACAJÁ - PA,1,63
PACAJÁ - PA,2,17
PACAJÁ - PA,3,1
PACAJÁ - PA,4,1
PACAJÁ - PA,5,1
PACAJÁ - PA,6,10
PACAJÁ - PA,7,91
PACAJÁ - PA,8,289
PACAJÁ - PA,9,1061
PACAJÁ - PA,10,2150
PACAJÁ - PA,11,2078
PACAJÁ - PA,12,509
PACARAIMA - RR,1,214
PACARAIMA - RR,2,194
PACARAIMA - RR,3,101
PACARAIMA - RR,4,34
PACARAIMA - RR,5,6
PACARAIMA - RR,6,5
PACARAIMA - RR,7,5
PACARAIMA - RR,8,26
PACARAIMA - RR,9,41
PACARAIMA - RR,10,108
PACARAIMA - RR,11,79
PACARAIMA - RR,12,113
PALESTINA DO PARÁ - PA,1,2
PALESTINA DO PARÁ - PA,4,2
PALESTINA DO PARÁ - PA,8,7
PALESTINA DO PARÁ - PA,9,1
PALESTINA DO PARÁ - PA,10,9
PALESTINA DO PARÁ - PA,11,4
PALESTINA DO PARÁ - PA,12,6
PALMAS - TO,2,1
PALMAS - TO,3,2
PALMAS - TO,4,5
PALMAS - TO,5,13
PALMAS - TO,6,51
PALMAS - TO,7,55
PALMAS - TO,8,138
PALMAS - TO,9,130
PALMAS - TO,10,80
PALMAS - TO,11,17
PALMAS - TO,12,6
PALMEIRANTE - TO,1,6
PALMEIRANTE - TO,2,13
PALMEIRANTE - TO,3,8
PALMEIRANTE - TO,4,7
PALMEIRANTE - TO,5,25
PALMEIRANTE - TO,6,34
PALMEIRANTE - TO,7,59
PALMEIRANTE - TO,8,145
PALMEIRANTE - TO,9,173
PALMEIRANTE - TO,10,80
PALMEIRANTE - TO,11,27
PALMEIRANTE - TO,12,14
PALMEIRAS DO TOCANTINS - TO,1,3
PALMEIRAS DO TOCANTINS - TO,2,6
PALMEIRAS DO TOCANTINS - TO,3,4
PALMEIRAS DO TOCANTINS - TO,4,3
PALMEIRAS DO TOCANTINS - TO,5,4
PALMEIRAS DO TOCANTINS - TO,6,4
PALMEIRAS DO TOCANTINS - TO,7,20
PALMEIRAS DO TOCANTINS - TO,8,10
PALMEIRAS DO TOCANTINS - TO,9,14
PALMEIRAS DO TOCANTINS - TO,10,36
PALMEIRAS DO TOCANTINS - TO,11,14
PALMEIRAS DO TOCANTINS - TO,12,7
PALMEIRÂNDIA - MA,6,1
PALMEIRÂNDIA - MA,7,10
PALMEIRÂNDIA - MA,8,30
PALMEIRÂNDIA - MA,9,17
PALMEIRÂNDIA - MA,10,9
PALMEIRÂNDIA - MA,11,62
PALMEIRÂNDIA - MA,12,23
PALMEIRÓPOLIS - TO,3,2
PALMEIRÓPOLIS - TO,4,2
PALMEIRÓPOLIS - TO,5,6
PALMEIRÓPOLIS - TO,6,11
PALMEIRÓPOLIS - TO,7,5
PALMEIRÓPOLIS - TO,8,4
PALMEIRÓPOLIS - TO,9,99
PALMEIRÓPOLIS - TO,10,36
PALMEIRÓPOLIS - TO,11,3
PALMEIRÓPOLIS - TO,12,4
PARAGOMINAS - PA,1,81
PARAGOMINAS - PA,2,63
PARAGOMINAS - PA,3,12
PARAGOMINAS - PA,4,10
PARAGOMINAS - PA,5,29
PARAGOMINAS - PA,6,93
PARAGOMINAS - PA,7,276
PARAGOMINAS - PA,8,223
PARAGOMINAS - PA,9,275
PARAGOMINAS - PA,10,337
PARAGOMINAS - PA,11,503
PARAGOMINAS - PA,12,318
PARAIBANO - MA,7,6
PARAIBANO - MA,8,18
PARAIBANO - MA,9,23
PARAIBANO - MA,10,16
PARANATINGA - MT,1,95
PARANATINGA - MT,2,110
PARANATINGA - MT,3,196
PARANATINGA - MT,4,150
PARANATINGA - MT,5,263
PARANATINGA - MT,6,475
PARANATINGA - MT,7,400
PARANATINGA - MT,8,1275
PARANATINGA - MT,9,1339
PARANATINGA - MT,10,220
PARANATINGA - MT,11,106
PARANATINGA - MT,12,78
PARANAÍTA - MT,1,5
PARANAÍTA - MT,2,8
PARANAÍTA - MT,3,3
PARANAÍTA - MT,4,1
PARANAÍTA - MT,5,13
PARANAÍTA - MT,6,51
PARANAÍTA - MT,7,60
PARANAÍTA - MT,8,505
PARANAÍTA - MT,9,914
PARANAÍTA - MT,10,97
PARANAÍTA - MT,11,15
PARANAÍTA - MT,12,7
PARANÃ - TO,1,8
PARANÃ - TO,2,6
PARANÃ - TO,3,5
PARANÃ - TO,4,5
PARANÃ - TO,5,96
PARANÃ - TO,6,167
PARANÃ - TO,7,190
PARANÃ - TO,8,387
PARANÃ - TO,9,983
PARANÃ - TO,10,749
PARANÃ - TO,11,116
PARANÃ - TO,12,56
PARAUAPEBAS - PA,2,1
PARAUAPEBAS - PA,5,1
PARAUAPEBAS - PA,6,10
PARAUAPEBAS - PA,7,44
PARAUAPEBAS - PA,8,162
PARAUAPEBAS - PA,9,465
PARAUAPEBAS - PA,10,76
PARAUAPEBAS - PA,11,16
PARAUAPEBAS - PA,12,3
PARAÍSO DO TOCANTINS - TO,2,1
PARAÍSO DO TOCANTINS - TO,4,1
PARAÍSO DO TOCANTINS - TO,5,11
PARAÍSO DO TOCANTINS - TO,6,14
PARAÍSO DO TOCANTINS - TO,7,13
PARAÍSO DO TOCANTINS - TO,8,19
PARAÍSO DO TOCANTINS - TO,9,67
PARAÍSO DO TOCANTINS - TO,10,12
PARAÍSO DO TOCANTINS - TO,11,9
PARAÍSO DO TOCANTINS - TO,12,3
PARECIS - RO,1,4
PARECIS - RO,2,1
PARECIS - RO,3,2
PARECIS - RO,4,2
PARECIS - RO,5,9
PARECIS - RO,6,5
PARECIS - RO,7,9
PARECIS - RO,8,1
PARECIS - RO,9,58
PARECIS - RO,10,20
PARECIS - RO,11,16
PARECIS - RO,12,5
PARINTINS - AM,1,12
PARINTINS - AM,2,6
PARINTINS - AM,3,2
PARINTINS - AM,4,1
PARINTINS - AM,5,4
PARINTINS - AM,6,10
PARINTINS - AM,7,76
PARINTINS - AM,8,137
PARINTINS - AM,9,200
PARINTINS - AM,10,250
PARINTINS - AM,11,163
PARINTINS - AM,12,31
PASTOS BONS - MA,1,7
PASTOS BONS - MA,2,4
PASTOS BONS - MA,3,3
PASTOS BONS - MA,4,7
PASTOS BONS - MA,5,25
PASTOS BONS - MA,6,32
PASTOS BONS - MA,7,68
PASTOS BONS - MA,8,141
PASTOS BONS - MA,9,289
PASTOS BONS - MA,10,148
PASTOS BONS - MA,11,33
PASTOS BONS - MA,12,21
PAU D'ARCO - PA,1,9
PAU D'ARCO - PA,2,1
PAU D'ARCO - PA,5,4
PAU D'ARCO - PA,6,14
PAU D'ARCO - PA,7,27
PAU D'ARCO - PA,8,114
PAU D'ARCO - PA,9,268
PAU D'ARCO - PA,10,104
PAU D'ARCO - PA,11,19
PAU D'ARCO - PA,12,2
PAU D'ARCO - TO,1,1
PAU D'ARCO - TO,5,13
PAU D'ARCO - TO,6,3
PAU D'ARCO - TO,7,10
PAU D'ARCO - TO,8,26
PAU D'ARCO - TO,9,43
PAU D'ARCO - TO,10,30
PAU D'ARCO - TO,11,13
PAU D'ARCO - TO,12,4
PAUINI - AM,1,2
PAUINI - AM,3,1
PAUINI - AM,4,1
PAUINI - AM,6,1
PAUINI - AM,7,49
PAUINI - AM,8,462
PAUINI - AM,9,575
PAUINI - AM,10,109
PAUINI - AM,11,31
PAUINI - AM,12,8
PAULO RAMOS - MA,1,1
PAULO RAMOS - MA,6,3
PAULO RAMOS - MA,7,7
PAULO RAMOS - MA,8,17
PAULO RAMOS - MA,9,43
PAULO RAMOS - MA,10,250
PAULO RAMOS - MA,11,231
PAULO RAMOS - MA,12,89
PAÇO DO LUMIAR - MA,6,4
PAÇO DO LUMIAR - MA,8,1
PAÇO DO LUMIAR - MA,9,3
PAÇO DO LUMIAR - MA,10,5
PAÇO DO LUMIAR - MA,11,4
PEDRA BRANCA DO AMAPARI - AP,8,2
PEDRA BRANCA DO AMAPARI - AP,9,30
PEDRA BRANCA DO AMAPARI - AP,10,162
PEDRA BRANCA DO AMAPARI - AP,11,40
PEDRA BRANCA DO AMAPARI - AP,12,3
PEDRA PRETA - MT,1,6
PEDRA PRETA - MT,2,6
PEDRA PRETA - MT,3,8
PEDRA PRETA - MT,4,1
PEDRA PRETA - MT,5,2
PEDRA PRETA - MT,6,7
PEDRA PRETA - MT,7,3
PEDRA PRETA - MT,8,73
PEDRA PRETA - MT,9,350
PEDRA PRETA - MT,10,99
PEDRA PRETA - MT,11,3
PEDRA PRETA - MT,12,5
PEDREIRAS - MA,3,1
PEDREIRAS - MA,8,2
PEDREIRAS - MA,9,4
PEDREIRAS - MA,10,13
PEDREIRAS - MA,11,21
PEDREIRAS - MA,12,9
PEDRO AFONSO - TO,1,10
PEDRO AFONSO - TO,2,21
PEDRO AFONSO - TO,3,19
PEDRO AFONSO - TO,4,17
PEDRO AFONSO - TO,5,48
PEDRO AFONSO - TO,6,79
PEDRO AFONSO - TO,7,95
PEDRO AFONSO - TO,8,52
PEDRO AFONSO - TO,9,82
PEDRO AFONSO - TO,10,82
PEDRO AFONSO - TO,11,27
PEDRO AFONSO - TO,12,19
PEDRO DO ROSÁRIO - MA,1,14
PEDRO DO ROSÁRIO - MA,5,4
PEDRO DO ROSÁRIO - MA,6,2
PEDRO DO ROSÁRIO - MA,7,38
PEDRO DO ROSÁRIO - MA,8,35
PEDRO DO ROSÁRIO - MA,9,26
PEDRO DO ROSÁRIO - MA,10,103
PEDRO DO ROSÁRIO - MA,11,382
PEDRO DO ROSÁRIO - MA,12,176
PEIXE - TO,1,9
PEIXE - TO,2,9
PEIXE - TO,3,14
PEIXE - TO,4,31
PEIXE - TO,5,94
PEIXE - TO,6,64
PEIXE - TO,7,66
PEIXE - TO,8,57
PEIXE - TO,9,68
PEIXE - TO,10,63
PEIXE - TO,11,49
PEIXE - TO,12,20
PEIXE-BOI - PA,1,2
PEIXE-BOI - PA,6,2
PEIXE-BOI - PA,8,1
PEIXE-BOI - PA,9,7
PEIXE-BOI - PA,10,20
PEIXE-BOI - PA,11,56
PEIXE-BOI - PA,12,27
PEIXOTO DE AZEVEDO - MT,1,24
PEIXOTO DE AZEVEDO - MT,2,47
PEIXOTO DE AZEVEDO - MT,3,41
PEIXOTO DE AZEVEDO - MT,4,15
PEIXOTO DE AZEVEDO - MT,5,83
PEIXOTO DE AZEVEDO - MT,6,296
PEIXOTO DE AZEVEDO - MT,7,201
PEIXOTO DE AZEVEDO - MT,8,707
PEIXOTO DE AZEVEDO - MT,9,2183
PEIXOTO DE AZEVEDO - MT,10,188
PEIXOTO DE AZEVEDO - MT,11,81
PEIXOTO DE AZEVEDO - MT,12,16
PENALVA - MA,1,1
PENALVA - MA,5,7
PENALVA - MA,6,22
PENALVA - MA,7,9
PENALVA - MA,8,9
PENALVA - MA,9,6
PENALVA - MA,10,34
PENALVA - MA,11,116
PENALVA - MA,12,70
PEQUIZEIRO - TO,5,4
PEQUIZEIRO - TO,6,3
PEQUIZEIRO - TO,8,6
PEQUIZEIRO - TO,9,114
PEQUIZEIRO - TO,10,19
PEQUIZEIRO - TO,11,9
PEQUIZEIRO - TO,12,4
PERI MIRIM - MA,1,1
PERI MIRIM - MA,8,9
PERI MIRIM - MA,9,3
PERI MIRIM - MA,10,23
PERI MIRIM - MA,11,19
PERI MIRIM - MA,12,19
PERITORÓ - MA,1,14
PERITORÓ - MA,2,1
PERITORÓ - MA,3,1
PERITORÓ - MA,5,3
PERITORÓ - MA,6,12
PERITORÓ - MA,7,9
PERITORÓ - MA,8,15
PERITORÓ - MA,9,27
PERITORÓ - MA,10,141
PERITORÓ - MA,11,96
PERITORÓ - MA,12,67
PIMENTA BUENO - RO,1,17
PIMENTA BUENO - RO,2,8
PIMENTA BUENO - RO,3,7
PIMENTA BUENO - RO,4,5
PIMENTA BUENO - RO,5,30
PIMENTA BUENO - RO,6,38
PIMENTA BUENO - RO,7,48
PIMENTA BUENO - RO,8,225
PIMENTA BUENO - RO,9,268
PIMENTA BUENO - RO,10,133
PIMENTA BUENO - RO,11,109
PIMENTA BUENO - RO,12,13
PIMENTEIRAS DO OESTE - RO,1,20
PIMENTEIRAS DO OESTE - RO,2,18
PIMENTEIRAS DO OESTE - RO,3,27
PIMENTEIRAS DO OESTE - RO,4,13
PIMENTEIRAS DO OESTE - RO,5,33
PIMENTEIRAS DO OESTE - RO,6,28
PIMENTEIRAS DO OESTE - RO,7,46
PIMENTEIRAS DO OESTE - RO,8,124
PIMENTEIRAS DO OESTE - RO,9,304
PIMENTEIRAS DO OESTE - RO,10,284
PIMENTEIRAS DO OESTE - RO,11,274
PIMENTEIRAS DO OESTE - RO,12,20
PINDARÉ-MIRIM - MA,1,4
PINDARÉ-MIRIM - MA,7,3
PINDARÉ-MIRIM - MA,8,3
PINDARÉ-MIRIM - MA,9,7
PINDARÉ-MIRIM - MA,10,16
PINDARÉ-MIRIM - MA,11,9
PINDARÉ-MIRIM - MA,12,9
PINDORAMA DO TOCANTINS - TO,1,4
PINDORAMA DO TOCANTINS - TO,5,17
PINDORAMA DO TOCANTINS - TO,6,13
PINDORAMA DO TOCANTINS - TO,7,16
PINDORAMA DO TOCANTINS - TO,8,18
PINDORAMA DO TOCANTINS - TO,9,117
PINDORAMA DO TOCANTINS - TO,10,100
PINDORAMA DO TOCANTINS - TO,11,17
PINDORAMA DO TOCANTINS - TO,12,3
PINHEIRO - MA,1,12
PINHEIRO - MA,4,1
PINHEIRO - MA,5,1
PINHEIRO - MA,7,11
PINHEIRO - MA,8,19
PINHEIRO - MA,9,18
PINHEIRO - MA,10,42
PINHEIRO - MA,11,124
PINHEIRO - MA,12,109
PIO XII - MA,1,2
PIO XII - MA,7,2
PIO XII - MA,8,6
PIO XII - MA,9,11
PIO XII - MA,10,67
PIO XII - MA,11,103
PIO XII - MA,12,27
PIRAPEMAS - MA,1,4
PIRAPEMAS - MA,7,6
PIRAPEMAS - MA,8,8
PIRAPEMAS - MA,9,53
PIRAPEMAS - MA,10,164
PIRAPEMAS - MA,11,126
PIRAPEMAS - MA,12,20
PIRAQUÊ - TO,1,2
PIRAQUÊ - TO,2,2
PIRAQUÊ - TO,4,2
PIRAQUÊ - TO,5,5
PIRAQUÊ - TO,6,32
PIRAQUÊ - TO,7,22
PIRAQUÊ - TO,8,28
PIRAQUÊ - TO,9,37
PIRAQUÊ - TO,10,39
PIRAQUÊ - TO,11,24
PIRAQUÊ - TO,12,8
PIUM - TO,1,14
PIUM - TO,2,23
PIUM - TO,3,40
PIUM - TO,4,60
PIUM - TO,5,474
PIUM - TO,6,384
PIUM - TO,7,630
PIUM - TO,8,696
PIUM - TO,9,1171
PIUM - TO,10,255
PIUM - TO,11,39
PIUM - TO,12,35
PIÇARRA - PA,1,1
PIÇARRA - PA,2,6
PIÇARRA - PA,3,1
PIÇARRA - PA,4,1
PIÇARRA - PA,5,1
PIÇARRA - PA,6,2
PIÇARRA - PA,7,4
PIÇARRA - PA,8,35
PIÇARRA - PA,9,29
PIÇARRA - PA,10,53
PIÇARRA - PA,11,30
PIÇARRA - PA,12,11
PLACAS - PA,1,55
PLACAS - PA,2,23
PLACAS - PA,3,7
PLACAS - PA,4,2
PLACAS - PA,5,9
PLACAS - PA,6,11
PLACAS - PA,7,52
PLACAS - PA,8,315
PLACAS - PA,9,1008
PLACAS - PA,10,1153
PLACAS - PA,11,778
PLACAS - PA,12,272
PLANALTO DA SERRA - MT,3,2
PLANALTO DA SERRA - MT,4,4
PLANALTO DA SERRA - MT,5,2
PLANALTO DA SERRA - MT,6,17
PLANALTO DA SERRA - MT,7,17
PLANALTO DA SERRA - MT,8,34
PLANALTO DA SERRA - MT,9,53
PLANALTO DA SERRA - MT,10,42
PLANALTO DA SERRA - MT,11,2
PLANALTO DA SERRA - MT,12,1
PLÁCIDO DE CASTRO - AC,5,2
PLÁCIDO DE CASTRO - AC,6,6
PLÁCIDO DE CASTRO - AC,7,16
PLÁCIDO DE CASTRO - AC,8,49
PLÁCIDO DE CASTRO - AC,9,84
PLÁCIDO DE CASTRO - AC,10,55
PLÁCIDO DE CASTRO - AC,11,8
PLÁCIDO DE CASTRO - AC,12,1
POCONÉ - MT,1,114
POCONÉ - MT,2,77
POCONÉ - MT,3,127
POCONÉ - MT,4,109
POCONÉ - MT,5,89
POCONÉ - MT,6,287
POCONÉ - MT,7,451
POCONÉ - MT,8,2094
POCONÉ - MT,9,1928
POCONÉ - MT,10,2247
POCONÉ - MT,11,2496
POCONÉ - MT,12,281
PONTA DE PEDRAS - PA,6,2
PONTA DE PEDRAS - PA,7,19
PONTA DE PEDRAS - PA,8,74
PONTA DE PEDRAS - PA,9,138
PONTA DE PEDRAS - PA,10,113
PONTA DE PEDRAS - PA,11,71
PONTA DE PEDRAS - PA,12,9
PONTAL DO ARAGUAIA - MT,1,2
PONTAL DO ARAGUAIA - MT,2,2
PONTAL DO ARAGUAIA - MT,3,4
PONTAL DO ARAGUAIA - MT,4,5
PONTAL DO ARAGUAIA - MT,5,1
PONTAL DO ARAGUAIA - MT,6,19
PONTAL DO ARAGUAIA - MT,7,6
PONTAL DO ARAGUAIA - MT,8,14
PONTAL DO ARAGUAIA - MT,9,19
PONTAL DO ARAGUAIA - MT,10,8
PONTAL DO ARAGUAIA - MT,11,8
PONTAL DO ARAGUAIA - MT,12,2
PONTE ALTA DO BOM JESUS - TO,1,3
PONTE ALTA DO BOM JESUS - TO,2,1
PONTE ALTA DO BOM JESUS - TO,3,3
PONTE ALTA DO BOM JESUS - TO,4,3
PONTE ALTA DO BOM JESUS - TO,5,17
PONTE ALTA DO BOM JESUS - TO,6,15
PONTE ALTA DO BOM JESUS - TO,7,28
PONTE ALTA DO BOM JESUS - TO,8,144
PONTE ALTA DO BOM JESUS - TO,9,49
PONTE ALTA DO BOM JESUS - TO,10,129
PONTE ALTA DO BOM JESUS - TO,11,27
PONTE ALTA DO BOM JESUS - TO,12,7
PONTE ALTA DO TOCANTINS - TO,1,6
PONTE ALTA DO TOCANTINS - TO,2,23
PONTE ALTA DO TOCANTINS - TO,3,7
PONTE ALTA DO TOCANTINS - TO,4,20
PONTE ALTA DO TOCANTINS - TO,5,171
PONTE ALTA DO TOCANTINS - TO,6,450
PONTE ALTA DO TOCANTINS - TO,7,333
PONTE ALTA DO TOCANTINS - TO,8,340
PONTE ALTA DO TOCANTINS - TO,9,483
PONTE ALTA DO TOCANTINS - TO,10,319
PONTE ALTA DO TOCANTINS - TO,11,79
PONTE ALTA DO TOCANTINS - TO,12,11
PONTE BRANCA - MT,2,2
PONTE BRANCA - MT,5,6
PONTE BRANCA - MT,6,2
PONTE BRANCA - MT,8,11
PONTE BRANCA - MT,9,9
PONTE BRANCA - MT,10,3
PONTE BRANCA - MT,11,3
PONTES E LACERDA - MT,1,30
PONTES E LACERDA - MT,2,21
PONTES E LACERDA - MT,3,21
PONTES E LACERDA - MT,4,34
PONTES E LACERDA - MT,5,25
PONTES E LACERDA - MT,6,68
PONTES E LACERDA - MT,7,60
PONTES E LACERDA - MT,8,247
PONTES E LACERDA - MT,9,398
PONTES E LACERDA - MT,10,110
PONTES E LACERDA - MT,11,103
PONTES E LACERDA - MT,12,32
PORTEL - PA,1,31
PORTEL - PA,2,7
PORTEL - PA,3,2
PORTEL - PA,4,1
PORTEL - PA,5,3
PORTEL - PA,6,30
PORTEL - PA,7,222
PORTEL - PA,8,578
PORTEL - PA,9,1642
PORTEL - PA,10,3051
PORTEL - PA,11,2136
PORTEL - PA,12,283
PORTO ACRE - AC,5,1
PORTO ACRE - AC,6,5
PORTO ACRE - AC,7,23
PORTO ACRE - AC,8,157
PORTO ACRE - AC,9,408
PORTO ACRE - AC,10,235
PORTO ACRE - AC,11,25
PORTO ALEGRE DO NORTE - MT,1,16
PORTO ALEGRE DO NORTE - MT,2,12
PORTO ALEGRE DO NORTE - MT,3,24
PORTO ALEGRE DO NORTE - MT,4,12
PORTO ALEGRE DO NORTE - MT,5,70
PORTO ALEGRE DO NORTE - MT,6,104
PORTO ALEGRE DO NORTE - MT,7,107
PORTO ALEGRE DO NORTE - MT,8,213
PORTO ALEGRE DO NORTE - MT,9,500
PORTO ALEGRE DO NORTE - MT,10,82
PORTO ALEGRE DO NORTE - MT,11,35
PORTO ALEGRE DO NORTE - MT,12,15
PORTO ALEGRE DO TOCANTINS - TO,1,1
PORTO ALEGRE DO TOCANTINS - TO,2,1
PORTO ALEGRE DO TOCANTINS - TO,4,2
PORTO ALEGRE DO TOCANTINS - TO,5,6
PORTO ALEGRE DO TOCANTINS - TO,6,9
PORTO ALEGRE DO TOCANTINS - TO,7,26
PORTO ALEGRE DO TOCANTINS - TO,8,14
PORTO ALEGRE DO TOCANTINS - TO,9,34
PORTO ALEGRE DO TOCANTINS - TO,10,15
PORTO ALEGRE DO TOCANTINS - TO,11,2
PORTO ALEGRE DO TOCANTINS - TO,12,3
PORTO DE MOZ - PA,1,22
PORTO DE MOZ - PA,2,9
PORTO DE MOZ - PA,3,4
PORTO DE MOZ - PA,6,1
PORTO DE MOZ - PA,7,19
PORTO DE MOZ - PA,8,55
PORTO DE MOZ - PA,9,172
PORTO DE MOZ - PA,10,706
PORTO DE MOZ - PA,11,980
PORTO DE MOZ - PA,12,258
PORTO DOS GAÚCHOS - MT,1,74
PORTO DOS GAÚCHOS - MT,2,90
PORTO DOS GAÚCHOS - MT,3,69
PORTO DOS GAÚCHOS - MT,4,21
PORTO DOS GAÚCHOS - MT,5,115
PORTO DOS GAÚCHOS - MT,6,203
PORTO DOS GAÚCHOS - MT,7,82
PORTO DOS GAÚCHOS - MT,8,242
PORTO DOS GAÚCHOS - MT,9,462
PORTO DOS GAÚCHOS - MT,10,83
PORTO DOS GAÚCHOS - MT,11,52
PORTO DOS GAÚCHOS - MT,12,39
PORTO ESPERIDIÃO - MT,1,22
PORTO ESPERIDIÃO - MT,2,10
PORTO ESPERIDIÃO - MT,3,16
PORTO ESPERIDIÃO - MT,4,2
PORTO ESPERIDIÃO - MT,5,13
PORTO ESPERIDIÃO - MT,6,17
PORTO ESPERIDIÃO - MT,7,32
PORTO ESPERIDIÃO - MT,8,38
PORTO ESPERIDIÃO - MT,9,61
PORTO ESPERIDIÃO - MT,10,43
PORTO ESPERIDIÃO - MT,11,34
PORTO ESPERIDIÃO - MT,12,8
PORTO ESTRELA - MT,2,2
PORTO ESTRELA - MT,3,1
PORTO ESTRELA - MT,6,10
PORTO ESTRELA - MT,7,12
PORTO ESTRELA - MT,8,183
PORTO ESTRELA - MT,9,170
PORTO ESTRELA - MT,10,91
PORTO ESTRELA - MT,11,1
PORTO ESTRELA - MT,12,2
PORTO FRANCO - MA,1,4
PORTO FRANCO - MA,2,1
PORTO FRANCO - MA,3,1
PORTO FRANCO - MA,5,5
PORTO FRANCO - MA,6,15
PORTO FRANCO - MA,7,17
PORTO FRANCO - MA,8,46
PORTO FRANCO - MA,9,43
PORTO FRANCO - MA,10,52
PORTO FRANCO - MA,11,38
PORTO FRANCO - MA,12,19
PORTO GRANDE - AP,1,2
PORTO GRANDE - AP,8,6
PORTO GRANDE - AP,9,31
PORTO GRANDE - AP,10,115
PORTO GRANDE - AP,11,57
PORTO GRANDE - AP,12,10
PORTO NACIONAL - TO,1,5
PORTO NACIONAL - TO,2,16
PORTO NACIONAL - TO,3,19
PORTO NACIONAL - TO,4,12
PORTO NACIONAL - TO,5,80
PORTO NACIONAL - TO,6,57
PORTO NACIONAL - TO,7,83
PORTO NACIONAL - TO,8,182
PORTO NACIONAL - TO,9,244
PORTO NACIONAL - TO,10,111
PORTO NACIONAL - TO,11,19
PORTO NACIONAL - TO,12,12
PORTO RICO DO MARANHÃO - MA,1,3
PORTO RICO DO MARANHÃO - MA,8,38
PORTO RICO DO MARANHÃO - MA,9,30
PORTO RICO DO MARANHÃO - MA,11,6
PORTO RICO DO MARANHÃO - MA,12,21
PORTO VELHO - RO,1,38
PORTO VELHO - RO,2,29
PORTO VELHO - RO,3,14
PORTO VELHO - RO,4,20
PORTO VELHO - RO,5,53
PORTO VELHO - RO,6,145
PORTO VELHO - RO,7,1652
PORTO VELHO - RO,8,7286
PORTO VELHO - RO,9,5960
PORTO VELHO - RO,10,1814
PORTO VELHO - RO,11,641
PORTO VELHO - RO,12,60
PORTO WALTER - AC,2,1
PORTO WALTER - AC,4,2
PORTO WALTER - AC,6,15
PORTO WALTER - AC,7,51
PORTO WALTER - AC,8,324
PORTO WALTER - AC,9,542
PORTO WALTER - AC,10,100
PORTO WALTER - AC,11,22
POXORÉU - MT,1,5
POXORÉU - MT,2,5
POXORÉU - MT,3,6
POXORÉU - MT,4,4
POXORÉU - MT,5,9
POXORÉU - MT,6,61
POXORÉU - MT,7,163
POXORÉU - MT,8,268
POXORÉU - MT,9,702
POXORÉU - MT,10,32
POXORÉU - MT,11,18
POXORÉU - MT,12,4
POÇÃO DE PEDRAS - MA,1,10
POÇÃO DE PEDRAS - MA,2,2
POÇÃO DE PEDRAS - MA,6,5
POÇÃO DE PEDRAS - MA,7,29
POÇÃO DE PEDRAS - MA,8,11
POÇÃO DE PEDRAS - MA,9,36
POÇÃO DE PEDRAS - MA,10,121
POÇÃO DE PEDRAS - MA,11,136
POÇÃO DE PEDRAS - MA,12,72
PRACUÚBA - AP,1,1
PRACUÚBA - AP,2,1
PRACUÚBA - AP,5,1
PRACUÚBA - AP,7,1
PRACUÚBA - AP,8,2
PRACUÚBA - AP,9,36
PRACUÚBA - AP,10,159
PRACUÚBA - AP,11,129
PRACUÚBA - AP,12,25
PRAIA NORTE - TO,2,2
PRAIA NORTE - TO,7,1
PRAIA NORTE - TO,8,4
PRAIA NORTE - TO,9,4
PRAIA NORTE - TO,10,17
PRAIA NORTE - TO,11,15
PRAIA NORTE - TO,12,8
PRAINHA - PA,1,98
PRAINHA - PA,2,35
PRAINHA - PA,3,18
PRAINHA - PA,4,3
PRAINHA - PA,5,3
PRAINHA - PA,6,9
PRAINHA - PA,7,11
PRAINHA - PA,8,39
PRAINHA - PA,9,185
PRAINHA - PA,10,1014
PRAINHA - PA,11,1133
PRAINHA - PA,12,568
PRESIDENTE DUTRA - MA,1,5
PRESIDENTE DUTRA - MA,2,1
PRESIDENTE DUTRA - MA,5,1
PRESIDENTE DUTRA - MA,6,1
PRESIDENTE DUTRA - MA,7,4
PRESIDENTE DUTRA - MA,8,22
PRESIDENTE DUTRA - MA,9,41
PRESIDENTE DUTRA - MA,10,24
PRESIDENTE DUTRA - MA,11,14
PRESIDENTE DUTRA - MA,12,6
PRESIDENTE FIGUEIREDO - AM,1,48
PRESIDENTE FIGUEIREDO - AM,2,18
PRESIDENTE FIGUEIREDO - AM,3,9
PRESIDENTE FIGUEIREDO - AM,6,2
PRESIDENTE FIGUEIREDO - AM,7,22
PRESIDENTE FIGUEIREDO - AM,8,77
PRESIDENTE FIGUEIREDO - AM,9,162
PRESIDENTE FIGUEIREDO - AM,10,173
PRESIDENTE FIGUEIREDO - AM,11,80
PRESIDENTE FIGUEIREDO - AM,12,71
PRESIDENTE JUSCELINO - MA,7,10
PRESIDENTE JUSCELINO - MA,8,27
PRESIDENTE JUSCELINO - MA,9,33
PRESIDENTE JUSCELINO - MA,10,38
PRESIDENTE JUSCELINO - MA,11,105
PRESIDENTE JUSCELINO - MA,12,12
PRESIDENTE KENNEDY - TO,1,2
PRESIDENTE KENNEDY - TO,4,1
PRESIDENTE KENNEDY - TO,5,14
PRESIDENTE KENNEDY - TO,6,6
PRESIDENTE KENNEDY - TO,7,6
PRESIDENTE KENNEDY - TO,8,53
PRESIDENTE KENNEDY - TO,9,96
PRESIDENTE KENNEDY - TO,10,7
PRESIDENTE KENNEDY - TO,11,1
PRESIDENTE MÉDICI - MA,1,3
PRESIDENTE MÉDICI - MA,5,3
PRESIDENTE MÉDICI - MA,8,2
PRESIDENTE MÉDICI - MA,9,5
PRESIDENTE MÉDICI - MA,10,55
PRESIDENTE MÉDICI - MA,11,86
PRESIDENTE MÉDICI - MA,12,31
PRESIDENTE MÉDICI - RO,1,2
PRESIDENTE MÉDICI - RO,3,2
PRESIDENTE MÉDICI - RO,5,1
PRESIDENTE MÉDICI - RO,6,3
PRESIDENTE MÉDICI - RO,7,6
PRESIDENTE MÉDICI - RO,8,19
PRESIDENTE MÉDICI - RO,9,5
PRESIDENTE MÉDICI - RO,10,14
PRESIDENTE MÉDICI - RO,11,5
PRESIDENTE MÉDICI - RO,12,2
PRESIDENTE SARNEY - MA,1,6
PRESIDENTE SARNEY - MA,3,1
PRESIDENTE SARNEY - MA,7,8
PRESIDENTE SARNEY - MA,8,13
PRESIDENTE SARNEY - MA,9,22
PRESIDENTE SARNEY - MA,10,9
PRESIDENTE SARNEY - MA,11,74
PRESIDENTE SARNEY - MA,12,56
PRESIDENTE VARGAS - MA,6,1
PRESIDENTE VARGAS - MA,7,2
PRESIDENTE VARGAS - MA,8,2
PRESIDENTE VARGAS - MA,9,2
PRESIDENTE VARGAS - MA,10,7
PRESIDENTE VARGAS - MA,11,14
PRESIDENTE VARGAS - MA,12,7
PRIMAVERA - PA,1,3
PRIMAVERA - PA,7,1
PRIMAVERA - PA,8,7
PRIMAVERA - PA,9,26
PRIMAVERA - PA,10,13
PRIMAVERA - PA,11,51
PRIMAVERA - PA,12,23
PRIMAVERA DE RONDÔNIA - RO,1,1
PRIMAVERA DE RONDÔNIA - RO,7,1
PRIMAVERA DE RONDÔNIA - RO,9,7
PRIMAVERA DE RONDÔNIA - RO,10,3
PRIMAVERA DE RONDÔNIA - RO,11,3
PRIMAVERA DO LESTE - MT,1,14
PRIMAVERA DO LESTE - MT,2,8
PRIMAVERA DO LESTE - MT,3,12
PRIMAVERA DO LESTE - MT,4,23
PRIMAVERA DO LESTE - MT,5,23
PRIMAVERA DO LESTE - MT,6,25
PRIMAVERA DO LESTE - MT,7,36
PRIMAVERA DO LESTE - MT,8,71
PRIMAVERA DO LESTE - MT,9,46
PRIMAVERA DO LESTE - MT,10,12
PRIMAVERA DO LESTE - MT,11,5
PRIMAVERA DO LESTE - MT,12,14
PUGMIL - TO,1,1
PUGMIL - TO,2,2
PUGMIL - TO,3,1
PUGMIL - TO,4,1
PUGMIL - TO,5,5
PUGMIL - TO,6,9
PUGMIL - TO,7,9
PUGMIL - TO,9,14
PUGMIL - TO,10,9
PUGMIL - TO,11,11
PUGMIL - TO,12,2
QUATIPURU - PA,1,1
QUATIPURU - PA,8,1
QUATIPURU - PA,9,5
QUATIPURU - PA,10,1
QUATIPURU - PA,11,25
QUATIPURU - PA,12,8
QUERÊNCIA - MT,1,83
QUERÊNCIA - MT,2,128
QUERÊNCIA - MT,3,145
QUERÊNCIA - MT,4,190
QUERÊNCIA - MT,5,464
QUERÊNCIA - MT,6,342
QUERÊNCIA - MT,7,193
QUERÊNCIA - MT,8,172
QUERÊNCIA - MT,9,558
QUERÊNCIA - MT,10,187
QUERÊNCIA - MT,11,110
QUERÊNCIA - MT,12,78
RAPOSA - MA,2,1
RAPOSA - MA,12,1
RECURSOLÂNDIA - TO,2,3
RECURSOLÂNDIA - TO,3,1
RECURSOLÂNDIA - TO,4,5
RECURSOLÂNDIA - TO,5,63
RECURSOLÂNDIA - TO,6,119
RECURSOLÂNDIA - TO,7,74
RECURSOLÂNDIA - TO,8,94
RECURSOLÂNDIA - TO,9,375
RECURSOLÂNDIA - TO,10,194
RECURSOLÂNDIA - TO,11,19
RECURSOLÂNDIA - TO,12,6
REDENÇÃO - PA,1,3
REDENÇÃO - PA,3,4
REDENÇÃO - PA,4,7
REDENÇÃO - PA,5,15
REDENÇÃO - PA,6,16
REDENÇÃO - PA,7,33
REDENÇÃO - PA,8,78
REDENÇÃO - PA,9,165
REDENÇÃO - PA,10,71
REDENÇÃO - PA,11,28
REDENÇÃO - PA,12,8
RESERVA DO CABAÇAL - MT,2,2
RESERVA DO CABAÇAL - MT,8,82
RESERVA DO CABAÇAL - MT,9,14
RESERVA DO CABAÇAL - MT,10,3
RIACHINHO - TO,3,1
RIACHINHO - TO,6,2
RIACHINHO - TO,7,7
RIACHINHO - TO,8,10
RIACHINHO - TO,9,10
RIACHINHO - TO,10,13
RIACHINHO - TO,11,10
RIACHINHO - TO,12,6
RIACHÃO - MA,1,14
RIACHÃO - MA,2,13
RIACHÃO - MA,3,24
RIACHÃO - MA,4,24
RIACHÃO - MA,5,109
RIACHÃO - MA,6,169
RIACHÃO - MA,7,232
RIACHÃO - MA,8,400
RIACHÃO - MA,9,634
RIACHÃO - MA,10,408
RIACHÃO - MA,11,82
RIACHÃO - MA,12,52
RIBAMAR FIQUENE - MA,1,1
RIBAMAR FIQUENE - MA,3,1
RIBAMAR FIQUENE - MA,5,1
RIBAMAR FIQUENE - MA,6,2
RIBAMAR FIQUENE - MA,7,11
RIBAMAR FIQUENE - MA,8,2
RIBAMAR FIQUENE - MA,9,7
RIBAMAR FIQUENE - MA,10,4
RIBAMAR FIQUENE - MA,11,11
RIBAMAR FIQUENE - MA,12,4
RIBEIRÃO CASCALHEIRA - MT,1,37
RIBEIRÃO CASCALHEIRA - MT,2,33
RIBEIRÃO CASCALHEIRA - MT,3,81
RIBEIRÃO CASCALHEIRA - MT,4,67
RIBEIRÃO CASCALHEIRA - MT,5,75
RIBEIRÃO CASCALHEIRA - MT,6,111
RIBEIRÃO CASCALHEIRA - MT,7,66
RIBEIRÃO CASCALHEIRA - MT,8,376
RIBEIRÃO CASCALHEIRA - MT,9,1102
RIBEIRÃO CASCALHEIRA - MT,10,239
RIBEIRÃO CASCALHEIRA - MT,11,95
RIBEIRÃO CASCALHEIRA - MT,12,27
RIBEIRÃOZINHO - MT,1,2
RIBEIRÃOZINHO - MT,2,4
RIBEIRÃOZINHO - MT,3,5
RIBEIRÃOZINHO - MT,4,2
RIBEIRÃOZINHO - MT,5,2
RIBEIRÃOZINHO - MT,6,4
RIBEIRÃOZINHO - MT,7,11
RIBEIRÃOZINHO - MT,8,8
RIBEIRÃOZINHO - MT,9,24
RIBEIRÃOZINHO - MT,10,6
RIBEIRÃOZINHO - MT,12,1
RIO BRANCO - AC,1,1
RIO BRANCO - AC,3,1
RIO BRANCO - AC,5,11
RIO BRANCO - AC,6,26
RIO BRANCO - AC,7,166
RIO BRANCO - AC,8,764
RIO BRANCO - AC,9,2181
RIO BRANCO - AC,10,847
RIO BRANCO - AC,11,118
RIO BRANCO - AC,12,6
RIO BRANCO - MT,9,17
RIO BRANCO - MT,10,10
RIO BRANCO - MT,11,8
RIO CRESPO - RO,1,5
RIO CRESPO - RO,3,4
RIO CRESPO - RO,4,1
RIO CRESPO - RO,5,10
RIO CRESPO - RO,6,14
RIO CRESPO - RO,7,30
RIO CRESPO - RO,8,25
RIO CRESPO - RO,9,47
RIO CRESPO - RO,10,49
RIO CRESPO - RO,11,32
RIO CRESPO - RO,12,6
RIO DA CONCEIÇÃO - TO,2,1
RIO DA CONCEIÇÃO - TO,3,3
RIO DA CONCEIÇÃO - TO,5,24
RIO DA CONCEIÇÃO - TO,6,44
RIO DA CONCEIÇÃO - TO,7,36
RIO DA CONCEIÇÃO - TO,8,55
RIO DA CONCEIÇÃO - TO,9,68
RIO DA CONCEIÇÃO - TO,10,26
RIO DA CONCEIÇÃO - TO,11,1
RIO DOS BOIS - TO,2,3
RIO DOS BOIS - TO,3,1
RIO DOS BOIS - TO,4,4
RIO DOS BOIS - TO,5,18
RIO DOS BOIS - TO,6,22
RIO DOS BOIS - TO,7,19
RIO DOS BOIS - TO,8,40
RIO DOS BOIS - TO,9,30
RIO DOS BOIS - TO,10,10
RIO DOS BOIS - TO,11,5
RIO DOS BOIS - TO,12,1
RIO MARIA - PA,1,8
RIO MARIA - PA,2,10
RIO MARIA - PA,3,2
RIO MARIA - PA,4,1
RIO MARIA - PA,5,18
RIO MARIA - PA,6,29
RIO MARIA - PA,7,28
RIO MARIA - PA,8,53
RIO MARIA - PA,9,217
RIO MARIA - PA,10,149
RIO MARIA - PA,11,42
RIO MARIA - PA,12,14
RIO PRETO DA EVA - AM,1,4
RIO PRETO DA EVA - AM,2,1
RIO PRETO DA EVA - AM,6,1
RIO PRETO DA EVA - AM,7,10
RIO PRETO DA EVA - AM,8,36
RIO PRETO DA EVA - AM,9,56
RIO PRETO DA EVA - AM,10,53
RIO PRETO DA EVA - AM,11,17
RIO PRETO DA EVA - AM,12,9
RIO SONO - TO,1,4
RIO SONO - TO,2,18
RIO SONO - TO,3,10
RIO SONO - TO,4,28
RIO SONO - TO,5,144
RIO SONO - TO,6,292
RIO SONO - TO,7,229
RIO SONO - TO,8,393
RIO SONO - TO,9,687
RIO SONO - TO,10,537
RIO SONO - TO,11,88
RIO SONO - TO,12,20
RODRIGUES ALVES - AC,1,28
RODRIGUES ALVES - AC,2,3
RODRIGUES ALVES - AC,4,4
RODRIGUES ALVES - AC,5,4
RODRIGUES ALVES - AC,6,19
RODRIGUES ALVES - AC,7,64
RODRIGUES ALVES - AC,8,271
RODRIGUES ALVES - AC,9,605
RODRIGUES ALVES - AC,10,263
RODRIGUES ALVES - AC,11,60
RODRIGUES ALVES - AC,12,23
ROLIM DE MOURA - RO,1,1
ROLIM DE MOURA - RO,2,3
ROLIM DE MOURA - RO,3,4
ROLIM DE MOURA - RO,4,1
ROLIM DE MOURA - RO,5,2
ROLIM DE MOURA - RO,6,4
ROLIM DE MOURA - RO,7,6
ROLIM DE MOURA - RO,8,33
ROLIM DE MOURA - RO,9,8
ROLIM DE MOURA - RO,10,4
ROLIM DE MOURA - RO,11,1
ROLIM DE MOURA - RO,12,3
RONDOLÂNDIA - MT,1,1
RONDOLÂNDIA - MT,3,1
RONDOLÂNDIA - MT,5,1
RONDOLÂNDIA - MT,6,6
RONDOLÂNDIA - MT,7,136
RONDOLÂNDIA - MT,8,614
RONDOLÂNDIA - MT,9,901
RONDOLÂNDIA - MT,10,228
RONDOLÂNDIA - MT,11,65
RONDOLÂNDIA - MT,12,6
RONDON DO PARÁ - PA,1,34
RONDON DO PARÁ - PA,2,16
RONDON DO PARÁ - PA,3,7
RONDON DO PARÁ - PA,4,11
RONDON DO PARÁ - PA,5,30
RONDON DO PARÁ - PA,6,133
RONDON DO PARÁ - PA,7,157
RONDON DO PARÁ - PA,8,236
RONDON DO PARÁ - PA,9,308
RONDON DO PARÁ - PA,10,512
RONDON DO PARÁ - PA,11,548
RONDON DO PARÁ - PA,12,236
RONDONÓPOLIS - MT,1,5
RONDONÓPOLIS - MT,2,29
RONDONÓPOLIS - MT,3,26
RONDONÓPOLIS - MT,4,10
RONDONÓPOLIS - MT,5,10
RONDONÓPOLIS - MT,6,8
RONDONÓPOLIS - MT,7,30
RONDONÓPOLIS - MT,8,175
RONDONÓPOLIS - MT,9,107
RONDONÓPOLIS - MT,10,31
RONDONÓPOLIS - MT,11,3
RONDONÓPOLIS - MT,12,12
RORAINÓPOLIS - RR,1,193
RORAINÓPOLIS - RR,2,280
RORAINÓPOLIS - RR,3,465
RORAINÓPOLIS - RR,4,149
RORAINÓPOLIS - RR,5,4
RORAINÓPOLIS - RR,7,5
RORAINÓPOLIS - RR,8,27
RORAINÓPOLIS - RR,9,61
RORAINÓPOLIS - RR,10,92
RORAINÓPOLIS - RR,11,106
RORAINÓPOLIS - RR,12,112
ROSÁRIO - MA,7,10
ROSÁRIO - MA,8,36
ROSÁRIO - MA,9,9
ROSÁRIO - MA,10,47
ROSÁRIO - MA,11,87
ROSÁRIO - MA,12,13
ROSÁRIO OESTE - MT,1,10
ROSÁRIO OESTE - MT,2,10
ROSÁRIO OESTE - MT,3,25
ROSÁRIO OESTE - MT,4,18
ROSÁRIO OESTE - MT,5,22
ROSÁRIO OESTE - MT,6,23
ROSÁRIO OESTE - MT,7,44
ROSÁRIO OESTE - MT,8,380
ROSÁRIO OESTE - MT,9,815
ROSÁRIO OESTE - MT,10,117
ROSÁRIO OESTE - MT,11,27
ROSÁRIO OESTE - MT,12,9
RURÓPOLIS - PA,1,31
RURÓPOLIS - PA,2,12
RURÓPOLIS - PA,3,7
RURÓPOLIS - PA,4,3
RURÓPOLIS - PA,5,7
RURÓPOLIS - PA,6,9
RURÓPOLIS - PA,7,293
RURÓPOLIS - PA,8,662
RURÓPOLIS - PA,9,987
RURÓPOLIS - PA,10,767
RURÓPOLIS - PA,11,368
RURÓPOLIS - PA,12,157
SALINÓPOLIS - PA,7,1
SALINÓPOLIS - PA,9,1
SALINÓPOLIS - PA,10,1
SALINÓPOLIS - PA,11,22
SALINÓPOLIS - PA,12,1
SALTO DO CÉU - MT,1,11
SALTO DO CÉU - MT,2,5
SALTO DO CÉU - MT,3,8
SALTO DO CÉU - MT,4,1
SALTO DO CÉU - MT,5,1
SALTO DO CÉU - MT,7,1
SALTO DO CÉU - MT,8,1
SALTO DO CÉU - MT,9,24
SALTO DO CÉU - MT,10,9
SALTO DO CÉU - MT,11,13
SALTO DO CÉU - MT,12,8
SALVATERRA - PA,2,1
SALVATERRA - PA,4,2
SALVATERRA - PA,6,4
SALVATERRA - PA,7,7
SALVATERRA - PA,8,15
SALVATERRA - PA,9,49
SALVATERRA - PA,10,70
SALVATERRA - PA,11,67
SALVATERRA - PA,12,10
SAMBAÍBA - MA,1,12
SAMBAÍBA - MA,2,8
SAMBAÍBA - MA,3,17
SAMBAÍBA - MA,4,16
SAMBAÍBA - MA,5,13
SAMBAÍBA - MA,6,56
SAMBAÍBA - MA,7,72
SAMBAÍBA - MA,8,197
SAMBAÍBA - MA,9,248
SAMBAÍBA - MA,10,196
SAMBAÍBA - MA,11,35
SAMBAÍBA - MA,12,17
SAMPAIO - TO,5,3
SAMPAIO - TO,6,2
SAMPAIO - TO,7,7
SAMPAIO - TO,8,31
SAMPAIO - TO,9,55
SAMPAIO - TO,10,32
SAMPAIO - TO,11,15
SAMPAIO - TO,12,2
SANDOLÂNDIA - TO,1,5
SANDOLÂNDIA - TO,3,1
SANDOLÂNDIA - TO,4,9
SANDOLÂNDIA - TO,5,55
SANDOLÂNDIA - TO,6,74
SANDOLÂNDIA - TO,7,56
SANDOLÂNDIA - TO,8,56
SANDOLÂNDIA - TO,9,137
SANDOLÂNDIA - TO,10,78
SANDOLÂNDIA - TO,11,22
SANDOLÂNDIA - TO,12,8
SANTA BÁRBARA DO PARÁ - PA,6,1
SANTA BÁRBARA DO PARÁ - PA,8,1
SANTA BÁRBARA DO PARÁ - PA,10,13
SANTA BÁRBARA DO PARÁ - PA,11,6
SANTA BÁRBARA DO PARÁ - PA,12,3
SANTA CARMEM - MT,1,53
SANTA CARMEM - MT,2,82
SANTA CARMEM - MT,3,77
SANTA CARMEM - MT,4,31
SANTA CARMEM - MT,5,127
SANTA CARMEM - MT,6,276
SANTA CARMEM - MT,7,54
SANTA CARMEM - MT,8,65
SANTA CARMEM - MT,9,82
SANTA CARMEM - MT,10,51
SANTA CARMEM - MT,11,37
SANTA CARMEM - MT,12,17
SANTA CRUZ DO ARARI - PA,8,3
SANTA CRUZ DO ARARI - PA,9,34
SANTA CRUZ DO ARARI - PA,10,56
SANTA CRUZ DO ARARI - PA,11,14
SANTA CRUZ DO ARARI - PA,12,9
SANTA CRUZ DO XINGU - MT,1,12
SANTA CRUZ DO XINGU - MT,2,29
SANTA CRUZ DO XINGU - MT,3,18
SANTA CRUZ DO XINGU - MT,4,11
SANTA CRUZ DO XINGU - MT,5,154
SANTA CRUZ DO XINGU - MT,6,386
SANTA CRUZ DO XINGU - MT,7,125
SANTA CRUZ DO XINGU - MT,8,72
SANTA CRUZ DO XINGU - MT,9,112
SANTA CRUZ DO XINGU - MT,10,45
SANTA CRUZ DO XINGU - MT,11,54
SANTA CRUZ DO XINGU - MT,12,37
SANTA FILOMENA DO MARANHÃO - MA,1,1
SANTA FILOMENA DO MARANHÃO - MA,5,1
SANTA FILOMENA DO MARANHÃO - MA,7,3
SANTA FILOMENA DO MARANHÃO - MA,8,4
SANTA FILOMENA DO MARANHÃO - MA,9,20
SANTA FILOMENA DO MARANHÃO - MA,10,16
SANTA FILOMENA DO MARANHÃO - MA,11,15
SANTA FILOMENA DO MARANHÃO - MA,12,4
SANTA FÉ DO ARAGUAIA - TO,2,4
SANTA FÉ DO ARAGUAIA - TO,3,1
SANTA FÉ DO ARAGUAIA - TO,4,2
SANTA FÉ DO ARAGUAIA - TO,5,4
SANTA FÉ DO ARAGUAIA - TO,6,11
SANTA FÉ DO ARAGUAIA - TO,7,7
SANTA FÉ DO ARAGUAIA - TO,8,38
SANTA FÉ DO ARAGUAIA - TO,9,96
SANTA FÉ DO ARAGUAIA - TO,10,30
SANTA FÉ DO ARAGUAIA - TO,11,5
SANTA FÉ DO ARAGUAIA - TO,12,5
SANTA HELENA - MA,1,23
SANTA HELENA - MA,6,2
SANTA HELENA - MA,7,4
SANTA HELENA - MA,8,7
SANTA HELENA - MA,9,21
SANTA HELENA - MA,10,29
SANTA HELENA - MA,11,155
SANTA HELENA - MA,12,138
SANTA INÊS - MA,1,5
SANTA INÊS - MA,2,1
SANTA INÊS - MA,3,6
SANTA INÊS - MA,4,4
SANTA INÊS - MA,7,2
SANTA INÊS - MA,8,5
SANTA INÊS - MA,9,11
SANTA INÊS - MA,10,23
SANTA INÊS - MA,11,18
SANTA INÊS - MA,12,14
SANTA ISABEL DO RIO NEGRO - AM,1,11
SANTA ISABEL DO RIO NEGRO - AM,2,16
SANTA ISABEL DO RIO NEGRO - AM,3,7
SANTA ISABEL DO RIO NEGRO - AM,8,2
SANTA ISABEL DO RIO NEGRO - AM,9,2
SANTA ISABEL DO RIO NEGRO - AM,10,13
SANTA ISABEL DO RIO NEGRO - AM,11,4
SANTA ISABEL DO RIO NEGRO - AM,12,8
SANTA IZABEL DO PARÁ - PA,1,3
SANTA IZABEL DO PARÁ - PA,6,2
SANTA IZABEL DO PARÁ - PA,8,7
SANTA IZABEL DO PARÁ - PA,9,13
SANTA IZABEL DO PARÁ - PA,10,13
SANTA IZABEL DO PARÁ - PA,11,6
SANTA IZABEL DO PARÁ - PA,12,7
SANTA LUZIA - MA,1,28
SANTA LUZIA - MA,2,10
SANTA LUZIA - MA,3,1
SANTA LUZIA - MA,5,1
SANTA LUZIA - MA,6,20
SANTA LUZIA - MA,7,44
SANTA LUZIA - MA,8,82
SANTA LUZIA - MA,9,90
SANTA LUZIA - MA,10,574
SANTA LUZIA - MA,11,789
SANTA LUZIA - MA,12,264
SANTA LUZIA D'OESTE - RO,6,1
SANTA LUZIA D'OESTE - RO,7,6
SANTA LUZIA D'OESTE - RO,8,2
SANTA LUZIA D'OESTE - RO,9,6
SANTA LUZIA D'OESTE - RO,10,1
SANTA LUZIA D'OESTE - RO,11,6
SANTA LUZIA DO PARUÁ - MA,1,13
SANTA LUZIA DO PARUÁ - MA,2,1
SANTA LUZIA DO PARUÁ - MA,5,1
SANTA LUZIA DO PARUÁ - MA,6,4
SANTA LUZIA DO PARUÁ - MA,7,7
SANTA LUZIA DO PARUÁ - MA,8,9
SANTA LUZIA DO PARUÁ - MA,9,12
SANTA LUZIA DO PARUÁ - MA,10,46
SANTA LUZIA DO PARUÁ - MA,11,76
SANTA LUZIA DO PARUÁ - MA,12,54
SANTA LUZIA DO PARÁ - PA,1,5
SANTA LUZIA DO PARÁ - PA,2,1
SANTA LUZIA DO PARÁ - PA,4,1
SANTA LUZIA DO PARÁ - PA,5,1
SANTA LUZIA DO PARÁ - PA,6,4
SANTA LUZIA DO PARÁ - PA,7,8
SANTA LUZIA DO PARÁ - PA,8,2
SANTA LUZIA DO PARÁ - PA,9,8
SANTA LUZIA DO PARÁ - PA,10,59
SANTA LUZIA DO PARÁ - PA,11,96
SANTA LUZIA DO PARÁ - PA,12,40
SANTA MARIA DAS BARREIRAS - PA,1,41
SANTA MARIA DAS BARREIRAS - PA,2,30
SANTA MARIA DAS BARREIRAS - PA,3,32
SANTA MARIA DAS BARREIRAS - PA,4,25
SANTA MARIA DAS BARREIRAS - PA,5,211
SANTA MARIA DAS BARREIRAS - PA,6,287
SANTA MARIA DAS BARREIRAS - PA,7,260
SANTA MARIA DAS BARREIRAS - PA,8,353
SANTA MARIA DAS BARREIRAS - PA,9,1336
SANTA MARIA DAS BARREIRAS - PA,10,483
SANTA MARIA DAS BARREIRAS - PA,11,58
SANTA MARIA DAS BARREIRAS - PA,12,67
SANTA MARIA DO PARÁ - PA,2,1
SANTA MARIA DO PARÁ - PA,3,1
SANTA MARIA DO PARÁ - PA,4,1
SANTA MARIA DO PARÁ - PA,6,1
SANTA MARIA DO PARÁ - PA,7,3
SANTA MARIA DO PARÁ - PA,8,4
SANTA MARIA DO PARÁ - PA,9,8
SANTA MARIA DO PARÁ - PA,10,14
SANTA MARIA DO PARÁ - PA,11,29
SANTA MARIA DO PARÁ - PA,12,11
SANTA MARIA DO TOCANTINS - TO,1,1
SANTA MARIA DO TOCANTINS - TO,2,2
SANTA MARIA DO TOCANTINS - TO,3,8
SANTA MARIA DO TOCANTINS - TO,4,5
SANTA MARIA DO TOCANTINS - TO,5,63
SANTA MARIA DO TOCANTINS - TO,6,71
SANTA MARIA DO TOCANTINS - TO,7,34
SANTA MARIA DO TOCANTINS - TO,8,33
SANTA MARIA DO TOCANTINS - TO,9,111
SANTA MARIA DO TOCANTINS - TO,10,72
SANTA MARIA DO TOCANTINS - TO,11,12
SANTA MARIA DO TOCANTINS - TO,12,8
SANTA RITA - MA,6,8
SANTA RITA - MA,7,21
SANTA RITA - MA,8,37
SANTA RITA - MA,9,39
SANTA RITA - MA,10,68
SANTA RITA - MA,11,90
SANTA RITA - MA,12,26
SANTA RITA DO TOCANTINS - TO,1,10
SANTA RITA DO TOCANTINS - TO,2,10
SANTA RITA DO TOCANTINS - TO,3,16
SANTA RITA DO TOCANTINS - TO,4,22
SANTA RITA DO TOCANTINS - TO,5,161
SANTA RITA DO TOCANTINS - TO,6,129
SANTA RITA DO TOCANTINS - TO,7,91
SANTA RITA DO TOCANTINS - TO,8,145
SANTA RITA DO TOCANTINS - TO,9,228
SANTA RITA DO TOCANTINS - TO,10,102
SANTA RITA DO TOCANTINS - TO,11,55
SANTA RITA DO TOCANTINS - TO,12,25
SANTA RITA DO TRIVELATO - MT,1,34
SANTA RITA DO TRIVELATO - MT,2,22
SANTA RITA DO TRIVELATO - MT,3,60
SANTA RITA DO TRIVELATO - MT,4,33
SANTA RITA DO TRIVELATO - MT,5,67
SANTA RITA DO TRIVELATO - MT,6,74
SANTA RITA DO TRIVELATO - MT,7,8
SANTA RITA DO TRIVELATO - MT,8,29
SANTA RITA DO TRIVELATO - MT,9,41
SANTA RITA DO TRIVELATO - MT,10,5
SANTA RITA DO TRIVELATO - MT,11,8
SANTA RITA DO TRIVELATO - MT,12,11
SANTA ROSA DO PURUS - AC,6,1
SANTA ROSA DO PURUS - AC,7,43
SANTA ROSA DO PURUS - AC,8,224
SANTA ROSA DO PURUS - AC,9,217
SANTA ROSA DO PURUS - AC,10,13
SANTA ROSA DO PURUS - AC,11,2
SANTA ROSA DO TOCANTINS - TO,1,3
SANTA ROSA DO TOCANTINS - TO,2,2
SANTA ROSA DO TOCANTINS - TO,3,12
SANTA ROSA DO TOCANTINS - TO,4,2
SANTA ROSA DO TOCANTINS - TO,5,34
SANTA ROSA DO TOCANTINS - TO,6,12
SANTA ROSA DO TOCANTINS - TO,7,28
SANTA ROSA DO TOCANTINS - TO,8,21
SANTA ROSA DO TOCANTINS - TO,9,46
SANTA ROSA DO TOCANTINS - TO,10,27
SANTA ROSA DO TOCANTINS - TO,11,13
SANTA ROSA DO TOCANTINS - TO,12,6
SANTA TEREZA DO TOCANTINS - TO,3,1
SANTA TEREZA DO TOCANTINS - TO,4,1
SANTA TEREZA DO TOCANTINS - TO,5,6
SANTA TEREZA DO TOCANTINS - TO,6,5
SANTA TEREZA DO TOCANTINS - TO,7,3
SANTA TEREZA DO TOCANTINS - TO,8,15
SANTA TEREZA DO TOCANTINS - TO,9,23
SANTA TEREZA DO TOCANTINS - TO,10,84
SANTA TEREZA DO TOCANTINS - TO,11,11
SANTA TEREZA DO TOCANTINS - TO,12,4
SANTA TEREZINHA - MT,1,14
SANTA TEREZINHA - MT,2,32
SANTA TEREZINHA - MT,3,38
SANTA TEREZINHA - MT,4,13
SANTA TEREZINHA - MT,5,54
SANTA TEREZINHA - MT,6,70
SANTA TEREZINHA - MT,7,61
SANTA TEREZINHA - MT,8,492
SANTA TEREZINHA - MT,9,1553
SANTA TEREZINHA - MT,10,224
SANTA TEREZINHA - MT,11,40
SANTA TEREZINHA - MT,12,28
SANTA TEREZINHA DO TOCANTINS - TO,2,2
SANTA TEREZINHA DO TOCANTINS - TO,3,2
SANTA TEREZINHA DO TOCANTINS - TO,4,1
SANTA TEREZINHA DO TOCANTINS - TO,5,7
SANTA TEREZINHA DO TOCANTINS - TO,6,6
SANTA TEREZINHA DO TOCANTINS - TO,9,8
SANTA TEREZINHA DO TOCANTINS - TO,10,10
SANTA TEREZINHA DO TOCANTINS - TO,11,9
SANTA TEREZINHA DO TOCANTINS - TO,12,5
SANTANA - AP,1,2
SANTANA - AP,3,1
SANTANA - AP,4,1
SANTANA - AP,7,3
SANTANA - AP,8,5
SANTANA - AP,9,41
SANTANA - AP,10,117
SANTANA - AP,11,123
SANTANA - AP,12,14
SANTANA DO ARAGUAIA - PA,1,27
SANTANA DO ARAGUAIA - PA,2,41
SANTANA DO ARAGUAIA - PA,3,63
SANTANA DO ARAGUAIA - PA,4,69
SANTANA DO ARAGUAIA - PA,5,145
SANTANA DO ARAGUAIA - PA,6,271
SANTANA DO ARAGUAIA - PA,7,102
SANTANA DO ARAGUAIA - PA,8,423
SANTANA DO ARAGUAIA - PA,9,1382
SANTANA DO ARAGUAIA - PA,10,353
SANTANA DO ARAGUAIA - PA,11,82
SANTANA DO ARAGUAIA - PA,12,58
SANTARÉM - PA,1,72
SANTARÉM - PA,2,16
SANTARÉM - PA,3,15
SANTARÉM - PA,4,6
SANTARÉM - PA,5,7
SANTARÉM - PA,6,23
SANTARÉM - PA,7,42
SANTARÉM - PA,8,142
SANTARÉM - PA,9,359
SANTARÉM - PA,10,812
SANTARÉM - PA,11,892
SANTARÉM - PA,12,400
SANTARÉM NOVO - PA,1,3
SANTARÉM NOVO - PA,8,1
SANTARÉM NOVO - PA,9,2
SANTARÉM NOVO - PA,10,10
SANTARÉM NOVO - PA,11,43
SANTARÉM NOVO - PA,12,18
SANTO AFONSO - MT,2,2
SANTO AFONSO - MT,3,4
SANTO AFONSO - MT,4,3
SANTO AFONSO - MT,5,1
SANTO AFONSO - MT,6,2
SANTO AFONSO - MT,7,3
SANTO AFONSO - MT,8,5
SANTO AFONSO - MT,9,8
SANTO AFONSO - MT,10,13
SANTO AFONSO - MT,11,1
SANTO AFONSO - MT,12,1
SANTO ANTÔNIO DO IÇÁ - AM,2,2
SANTO ANTÔNIO DO IÇÁ - AM,6,3
SANTO ANTÔNIO DO IÇÁ - AM,7,2
SANTO ANTÔNIO DO IÇÁ - AM,8,17
SANTO ANTÔNIO DO IÇÁ - AM,9,44
SANTO ANTÔNIO DO IÇÁ - AM,10,26
SANTO ANTÔNIO DO IÇÁ - AM,11,25
SANTO ANTÔNIO DO IÇÁ - AM,12,1
SANTO ANTÔNIO DO LESTE - MT,1,11
SANTO ANTÔNIO DO LESTE - MT,2,13
SANTO ANTÔNIO DO LESTE - MT,3,14
SANTO ANTÔNIO DO LESTE - MT,4,10
SANTO ANTÔNIO DO LESTE - MT,5,3
SANTO ANTÔNIO DO LESTE - MT,6,15
SANTO ANTÔNIO DO LESTE - MT,7,11
SANTO ANTÔNIO DO LESTE - MT,8,158
SANTO ANTÔNIO DO LESTE - MT,9,300
SANTO ANTÔNIO DO LESTE - MT,10,18
SANTO ANTÔNIO DO LESTE - MT,11,9
SANTO ANTÔNIO DO LESTE - MT,12,5
SANTO ANTÔNIO DO LEVERGER - MT,1,2
SANTO ANTÔNIO DO LEVERGER - MT,2,4
SANTO ANTÔNIO DO LEVERGER - MT,3,10
SANTO ANTÔNIO DO LEVERGER - MT,4,3
SANTO ANTÔNIO DO LEVERGER - MT,5,9
SANTO ANTÔNIO DO LEVERGER - MT,6,19
SANTO ANTÔNIO DO LEVERGER - MT,7,103
SANTO ANTÔNIO DO LEVERGER - MT,8,570
SANTO ANTÔNIO DO LEVERGER - MT,9,1958
SANTO ANTÔNIO DO LEVERGER - MT,10,252
SANTO ANTÔNIO DO LEVERGER - MT,11,84
SANTO ANTÔNIO DO LEVERGER - MT,12,18
SANTO ANTÔNIO DO TAUÁ - PA,1,3
SANTO ANTÔNIO DO TAUÁ - PA,5,1
SANTO ANTÔNIO DO TAUÁ - PA,7,5
SANTO ANTÔNIO DO TAUÁ - PA,8,10
SANTO ANTÔNIO DO TAUÁ - PA,9,13
SANTO ANTÔNIO DO TAUÁ - PA,10,17
SANTO ANTÔNIO DO TAUÁ - PA,11,10
SANTO ANTÔNIO DO TAUÁ - PA,12,12
SANTO ANTÔNIO DOS LOPES - MA,1,12
SANTO ANTÔNIO DOS LOPES - MA,2,2
SANTO ANTÔNIO DOS LOPES - MA,5,3
SANTO ANTÔNIO DOS LOPES - MA,6,6
SANTO ANTÔNIO DOS LOPES - MA,7,3
SANTO ANTÔNIO DOS LOPES - MA,8,5
SANTO ANTÔNIO DOS LOPES - MA,9,35
SANTO ANTÔNIO DOS LOPES - MA,10,69
SANTO ANTÔNIO DOS LOPES - MA,11,58
SANTO ANTÔNIO DOS LOPES - MA,12,29
SAPEZAL - MT,1,76
SAPEZAL - MT,2,56
SAPEZAL - MT,3,94
SAPEZAL - MT,4,67
SAPEZAL - MT,5,64
SAPEZAL - MT,6,105
SAPEZAL - MT,7,54
SAPEZAL - MT,8,451
SAPEZAL - MT,9,222
SAPEZAL - MT,10,31
SAPEZAL - MT,11,44
SAPEZAL - MT,12,43
SAPUCAIA - PA,3,1
SAPUCAIA - PA,5,2
SAPUCAIA - PA,6,10
SAPUCAIA - PA,7,7
SAPUCAIA - PA,8,4
SAPUCAIA - PA,9,14
SAPUCAIA - PA,10,23
SAPUCAIA - PA,11,11
SATUBINHA - MA,1,4
SATUBINHA - MA,4,1
SATUBINHA - MA,7,1
SATUBINHA - MA,8,1
SATUBINHA - MA,9,8
SATUBINHA - MA,10,53
SATUBINHA - MA,11,46
SATUBINHA - MA,12,26
SENA MADUREIRA - AC,1,4
SENA MADUREIRA - AC,5,3
SENA MADUREIRA - AC,6,24
SENA MADUREIRA - AC,7,179
SENA MADUREIRA - AC,8,732
SENA MADUREIRA - AC,9,2586
SENA MADUREIRA - AC,10,1145
SENA MADUREIRA - AC,11,219
SENA MADUREIRA - AC,12,8
SENADOR ALEXANDRE COSTA - MA,1,2
SENADOR ALEXANDRE COSTA - MA,2,1
SENADOR ALEXANDRE COSTA - MA,3,1
SENADOR ALEXANDRE COSTA - MA,8,7
SENADOR ALEXANDRE COSTA - MA,9,4
SENADOR ALEXANDRE COSTA - MA,10,15
SENADOR ALEXANDRE COSTA - MA,11,15
SENADOR ALEXANDRE COSTA - MA,12,5
SENADOR GUIOMARD - AC,5,4
SENADOR GUIOMARD - AC,6,5
SENADOR GUIOMARD - AC,7,41
SENADOR GUIOMARD - AC,8,66
SENADOR GUIOMARD - AC,9,179
SENADOR GUIOMARD - AC,10,71
SENADOR GUIOMARD - AC,11,11
SENADOR JOSÉ PORFÍRIO - PA,1,16
SENADOR JOSÉ PORFÍRIO - PA,2,1
SENADOR JOSÉ PORFÍRIO - PA,4,2
SENADOR JOSÉ PORFÍRIO - PA,5,3
SENADOR JOSÉ PORFÍRIO - PA,6,2
SENADOR JOSÉ PORFÍRIO - PA,7,36
SENADOR JOSÉ PORFÍRIO - PA,8,382
SENADOR JOSÉ PORFÍRIO - PA,9,831
SENADOR JOSÉ PORFÍRIO - PA,10,1107
SENADOR JOSÉ PORFÍRIO - PA,11,525
SENADOR JOSÉ PORFÍRIO - PA,12,126
SENADOR LA ROCQUE - MA,1,1
SENADOR LA ROCQUE - MA,2,3
SENADOR LA ROCQUE - MA,5,2
SENADOR LA ROCQUE - MA,8,11
SENADOR LA ROCQUE - MA,9,9
SENADOR LA ROCQUE - MA,10,11
SENADOR LA ROCQUE - MA,11,20
SENADOR LA ROCQUE - MA,12,9
SERINGUEIRAS - RO,1,5
SERINGUEIRAS - RO,2,7
SERINGUEIRAS - RO,3,4
SERINGUEIRAS - RO,4,1
SERINGUEIRAS - RO,5,10
SERINGUEIRAS - RO,6,10
SERINGUEIRAS - RO,7,50
SERINGUEIRAS - RO,8,111
SERINGUEIRAS - RO,9,217
SERINGUEIRAS - RO,10,169
SERINGUEIRAS - RO,11,100
SERINGUEIRAS - RO,12,8
SERRA DO NAVIO - AP,9,6
SERRA DO NAVIO - AP,10,15
SERRA DO NAVIO - AP,11,4
SERRA DO NAVIO - AP,12,5
SERRA NOVA DOURADA - MT,1,9
SERRA NOVA DOURADA - MT,2,7
SERRA NOVA DOURADA - MT,3,13
SERRA NOVA DOURADA - MT,4,6
SERRA NOVA DOURADA - MT,5,17
SERRA NOVA DOURADA - MT,6,20
SERRA NOVA DOURADA - MT,7,18
SERRA NOVA DOURADA - MT,8,17
SERRA NOVA DOURADA - MT,9,86
SERRA NOVA DOURADA - MT,10,33
SERRA NOVA DOURADA - MT,11,5
SERRA NOVA DOURADA - MT,12,5
SERRANO DO MARANHÃO - MA,1,12
SERRANO DO MARANHÃO - MA,8,19
SERRANO DO MARANHÃO - MA,9,139
SERRANO DO MARANHÃO - MA,10,47
SERRANO DO MARANHÃO - MA,11,53
SERRANO DO MARANHÃO - MA,12,125
SILVANÓPOLIS - TO,2,2
SILVANÓPOLIS - TO,3,7
SILVANÓPOLIS - TO,4,6
SILVANÓPOLIS - TO,5,15
SILVANÓPOLIS - TO,6,5
SILVANÓPOLIS - TO,7,5
SILVANÓPOLIS - TO,8,14
SILVANÓPOLIS - TO,9,68
SILVANÓPOLIS - TO,10,80
SILVANÓPOLIS - TO,11,7
SILVANÓPOLIS - TO,12,2
SILVES - AM,1,3
SILVES - AM,2,1
SILVES - AM,3,1
SILVES - AM,5,1
SILVES - AM,6,4
SILVES - AM,7,20
SILVES - AM,8,65
SILVES - AM,9,63
SILVES - AM,10,56
SILVES - AM,11,32
SILVES - AM,12,7
SINOP - MT,1,29
SINOP - MT,2,47
SINOP - MT,3,51
SINOP - MT,4,21
SINOP - MT,5,30
SINOP - MT,6,48
SINOP - MT,7,40
SINOP - MT,8,65
SINOP - MT,9,85
SINOP - MT,10,35
SINOP - MT,11,10
SINOP - MT,12,10
SORRISO - MT,1,63
SORRISO - MT,2,42
SORRISO - MT,3,97
SORRISO - MT,4,47
SORRISO - MT,5,10
SORRISO - MT,6,19
SORRISO - MT,7,26
SORRISO - MT,8,157
SORRISO - MT,9,54
SORRISO - MT,10,7
SORRISO - MT,11,14
SORRISO - MT,12,13
SOURE - PA,8,3
SOURE - PA,9,27
SOURE - PA,10,48
SOURE - PA,11,32
SOURE - PA,12,15
SUCUPIRA - TO,1,3
SUCUPIRA - TO,2,3
SUCUPIRA - TO,3,2
SUCUPIRA - TO,4,5
SUCUPIRA - TO,5,24
SUCUPIRA - TO,6,37
SUCUPIRA - TO,7,10
SUCUPIRA - TO,8,1
SUCUPIRA - TO,9,3
SUCUPIRA - TO,10,11
SUCUPIRA - TO,11,2
SUCUPIRA - TO,12,3
SUCUPIRA DO NORTE - MA,1,4
SUCUPIRA DO NORTE - MA,2,5
SUCUPIRA DO NORTE - MA,3,3
SUCUPIRA DO NORTE - MA,4,5
SUCUPIRA DO NORTE - MA,5,13
SUCUPIRA DO NORTE - MA,6,47
SUCUPIRA DO NORTE - MA,7,41
SUCUPIRA DO NORTE - MA,8,73
SUCUPIRA DO NORTE - MA,9,172
SUCUPIRA DO NORTE - MA,10,94
SUCUPIRA DO NORTE - MA,11,43
SUCUPIRA DO NORTE - MA,12,5
SÃO BENTO - MA,1,3
SÃO BENTO - MA,6,5
SÃO BENTO - MA,7,13
SÃO BENTO - MA,8,41
SÃO BENTO - MA,9,23
SÃO BENTO - MA,10,11
SÃO BENTO - MA,11,76
SÃO BENTO - MA,12,36
SÃO BENTO DO TOCANTINS - TO,1,4
SÃO BENTO DO TOCANTINS - TO,2,10
SÃO BENTO DO TOCANTINS - TO,3,8
SÃO BENTO DO TOCANTINS - TO,4,4
SÃO BENTO DO TOCANTINS - TO,5,18
SÃO BENTO DO TOCANTINS - TO,6,38
SÃO BENTO DO TOCANTINS - TO,7,34
SÃO BENTO DO TOCANTINS - TO,8,49
SÃO BENTO DO TOCANTINS - TO,9,78
SÃO BENTO DO TOCANTINS - TO,10,53
SÃO BENTO DO TOCANTINS - TO,11,40
SÃO BENTO DO TOCANTINS - TO,12,20
SÃO CAETANO DE ODIVELAS - PA,1,1
SÃO CAETANO DE ODIVELAS - PA,7,10
SÃO CAETANO DE ODIVELAS - PA,8,5
SÃO CAETANO DE ODIVELAS - PA,9,12
SÃO CAETANO DE ODIVELAS - PA,10,10
SÃO CAETANO DE ODIVELAS - PA,11,31
SÃO CAETANO DE ODIVELAS - PA,12,32
SÃO DOMINGOS DO ARAGUAIA - PA,1,2
SÃO DOMINGOS DO ARAGUAIA - PA,2,5
SÃO DOMINGOS DO ARAGUAIA - PA,5,3
SÃO DOMINGOS DO ARAGUAIA - PA,6,3
SÃO DOMINGOS DO ARAGUAIA - PA,7,6
SÃO DOMINGOS DO ARAGUAIA - PA,8,17
SÃO DOMINGOS DO ARAGUAIA - PA,9,18
SÃO DOMINGOS DO ARAGUAIA - PA,10,29
SÃO DOMINGOS DO ARAGUAIA - PA,11,27
SÃO DOMINGOS DO ARAGUAIA - PA,12,15
SÃO DOMINGOS DO AZEITÃO - MA,1,3
SÃO DOMINGOS DO AZEITÃO - MA,2,1
SÃO DOMINGOS DO AZEITÃO - MA,3,2
SÃO DOMINGOS DO AZEITÃO - MA,4,8
SÃO DOMINGOS DO AZEITÃO - MA,5,2
SÃO DOMINGOS DO AZEITÃO - MA,6,10
SÃO DOMINGOS DO AZEITÃO - MA,7,23
SÃO DOMINGOS DO AZEITÃO - MA,8,97
SÃO DOMINGOS DO AZEITÃO - MA,9,113
SÃO DOMINGOS DO AZEITÃO - MA,10,71
SÃO DOMINGOS DO AZEITÃO - MA,11,19
SÃO DOMINGOS DO AZEITÃO - MA,12,6
SÃO DOMINGOS DO CAPIM - PA,1,13
SÃO DOMINGOS DO CAPIM - PA,2,2
SÃO DOMINGOS DO CAPIM - PA,3,1
SÃO DOMINGOS DO CAPIM - PA,4,2
SÃO DOMINGOS DO CAPIM - PA,5,3
SÃO DOMINGOS DO CAPIM - PA,6,27
SÃO DOMINGOS DO CAPIM - PA,7,130
SÃO DOMINGOS DO CAPIM - PA,8,108
SÃO DOMINGOS DO CAPIM - PA,9,116
SÃO DOMINGOS DO CAPIM - PA,10,155
SÃO DOMINGOS DO CAPIM - PA,11,269
SÃO DOMINGOS DO CAPIM - PA,12,147
SÃO DOMINGOS DO MARANHÃO - MA,1,8
SÃO DOMINGOS DO MARANHÃO - MA,2,8
SÃO DOMINGOS DO MARANHÃO - MA,3,3
SÃO DOMINGOS DO MARANHÃO - MA,5,7
SÃO DOMINGOS DO MARANHÃO - MA,6,6
SÃO DOMINGOS DO MARANHÃO - MA,7,26
SÃO DOMINGOS DO MARANHÃO - MA,8,68
SÃO DOMINGOS DO MARANHÃO - MA,9,61
SÃO DOMINGOS DO MARANHÃO - MA,10,52
SÃO DOMINGOS DO MARANHÃO - MA,11,60
SÃO DOMINGOS DO MARANHÃO - MA,12,16
SÃO FELIPE D'OESTE - RO,2,1
SÃO FELIPE D'OESTE - RO,8,1
SÃO FELIPE D'OESTE - RO,9,2
SÃO FELIPE D'OESTE - RO,10,1
SÃO FELIPE D'OESTE - RO,12,2
SÃO FRANCISCO DO BREJÃO - MA,1,6
SÃO FRANCISCO DO BREJÃO - MA,4,1
SÃO FRANCISCO DO BREJÃO - MA,7,6
SÃO FRANCISCO DO BREJÃO - MA,8,20
SÃO FRANCISCO DO BREJÃO - MA,9,17
SÃO FRANCISCO DO BREJÃO - MA,10,19
SÃO FRANCISCO DO BREJÃO - MA,11,7
SÃO FRANCISCO DO BREJÃO - MA,12,17
SÃO FRANCISCO DO GUAPORÉ - RO,1,14
SÃO FRANCISCO DO GUAPORÉ - RO,2,2
SÃO FRANCISCO DO GUAPORÉ - RO,3,10
SÃO FRANCISCO DO GUAPORÉ - RO,4,2
SÃO FRANCISCO DO GUAPORÉ - RO,5,9
SÃO FRANCISCO DO GUAPORÉ - RO,6,31
SÃO FRANCISCO DO GUAPORÉ - RO,7,142
SÃO FRANCISCO DO GUAPORÉ - RO,8,279
SÃO FRANCISCO DO GUAPORÉ - RO,9,328
SÃO FRANCISCO DO GUAPORÉ - RO,10,493
SÃO FRANCISCO DO GUAPORÉ - RO,11,276
SÃO FRANCISCO DO GUAPORÉ - RO,12,27
SÃO FRANCISCO DO PARÁ - PA,1,3
SÃO FRANCISCO DO PARÁ - PA,2,2
SÃO FRANCISCO DO PARÁ - PA,7,4
SÃO FRANCISCO DO PARÁ - PA,8,4
SÃO FRANCISCO DO PARÁ - PA,9,10
SÃO FRANCISCO DO PARÁ - PA,10,38
SÃO FRANCISCO DO PARÁ - PA,11,42
SÃO FRANCISCO DO PARÁ - PA,12,9
SÃO FÉLIX DE BALSAS - MA,1,4
SÃO FÉLIX DE BALSAS - MA,2,2
SÃO FÉLIX DE BALSAS - MA,3,9
SÃO FÉLIX DE BALSAS - MA,4,10
SÃO FÉLIX DE BALSAS - MA,5,46
SÃO FÉLIX DE BALSAS - MA,6,132
SÃO FÉLIX DE BALSAS - MA,7,248
SÃO FÉLIX DE BALSAS - MA,8,426
SÃO FÉLIX DE BALSAS - MA,9,468
SÃO FÉLIX DE BALSAS - MA,10,258
SÃO FÉLIX DE BALSAS - MA,11,47
SÃO FÉLIX DE BALSAS - MA,12,11
SÃO FÉLIX DO ARAGUAIA - MT,1,55
SÃO FÉLIX DO ARAGUAIA - MT,2,100
SÃO FÉLIX DO ARAGUAIA - MT,3,118
SÃO FÉLIX DO ARAGUAIA - MT,4,170
SÃO FÉLIX DO ARAGUAIA - MT,5,365
SÃO FÉLIX DO ARAGUAIA - MT,6,408
SÃO FÉLIX DO ARAGUAIA - MT,7,189
SÃO FÉLIX DO ARAGUAIA - MT,8,389
SÃO FÉLIX DO ARAGUAIA - MT,9,561
SÃO FÉLIX DO ARAGUAIA - MT,10,312
SÃO FÉLIX DO ARAGUAIA - MT,11,115
SÃO FÉLIX DO ARAGUAIA - MT,12,100
SÃO FÉLIX DO TOCANTINS - TO,2,2
SÃO FÉLIX DO TOCANTINS - TO,4,16
SÃO FÉLIX DO TOCANTINS - TO,5,110
SÃO FÉLIX DO TOCANTINS - TO,6,146
SÃO FÉLIX DO TOCANTINS - TO,7,135
SÃO FÉLIX DO TOCANTINS - TO,8,208
SÃO FÉLIX DO TOCANTINS - TO,9,144
SÃO FÉLIX DO TOCANTINS - TO,10,46
SÃO FÉLIX DO TOCANTINS - TO,11,3
SÃO FÉLIX DO TOCANTINS - TO,12,3
SÃO FÉLIX DO XINGU - PA,1,17
SÃO FÉLIX DO XINGU - PA,2,22
SÃO FÉLIX DO XINGU - PA,3,9
SÃO FÉLIX DO XINGU - PA,4,6
SÃO FÉLIX DO XINGU - PA,5,38
SÃO FÉLIX DO XINGU - PA,6,66
SÃO FÉLIX DO XINGU - PA,7,914
SÃO FÉLIX DO XINGU - PA,8,10067
SÃO FÉLIX DO XINGU - PA,9,10412
SÃO FÉLIX DO XINGU - PA,10,1544
SÃO FÉLIX DO XINGU - PA,11,385
SÃO FÉLIX DO XINGU - PA,12,68
SÃO GABRIEL DA CACHOEIRA - AM,1,131
SÃO GABRIEL DA CACHOEIRA - AM,2,71
SÃO GABRIEL DA CACHOEIRA - AM,3,51
SÃO GABRIEL DA CACHOEIRA - AM,4,8
SÃO GABRIEL DA CACHOEIRA - AM,7,3
SÃO GABRIEL DA CACHOEIRA - AM,8,23
SÃO GABRIEL DA CACHOEIRA - AM,9,82
SÃO GABRIEL DA CACHOEIRA - AM,10,49
SÃO GABRIEL DA CACHOEIRA - AM,11,30
SÃO GABRIEL DA CACHOEIRA - AM,12,32
SÃO GERALDO DO ARAGUAIA - PA,1,2
SÃO GERALDO DO ARAGUAIA - PA,2,2
SÃO GERALDO DO ARAGUAIA - PA,5,16
SÃO GERALDO DO ARAGUAIA - PA,6,27
SÃO GERALDO DO ARAGUAIA - PA,7,8
SÃO GERALDO DO ARAGUAIA - PA,8,26
SÃO GERALDO DO ARAGUAIA - PA,9,32
SÃO GERALDO DO ARAGUAIA - PA,10,62
SÃO GERALDO DO ARAGUAIA - PA,11,16
SÃO GERALDO DO ARAGUAIA - PA,12,7
SÃO JOSÉ DE RIBAMAR - MA,1,1
SÃO JOSÉ DE RIBAMAR - MA,7,2
SÃO JOSÉ DE RIBAMAR - MA,8,1
SÃO JOSÉ DE RIBAMAR - MA,9,1
SÃO JOSÉ DE RIBAMAR - MA,10,1
SÃO JOSÉ DE RIBAMAR - MA,11,1
SÃO JOSÉ DE RIBAMAR - MA,12,1
SÃO JOSÉ DO POVO - MT,3,1
SÃO JOSÉ DO RIO CLARO - MT,1,62
SÃO JOSÉ DO RIO CLARO - MT,2,29
SÃO JOSÉ DO RIO CLARO - MT,3,73
SÃO JOSÉ DO RIO CLARO - MT,4,96
SÃO JOSÉ DO RIO CLARO - MT,5,114
SÃO JOSÉ DO RIO CLARO - MT,6,121
SÃO JOSÉ DO RIO CLARO - MT,7,12
SÃO JOSÉ DO RIO CLARO - MT,8,122
SÃO JOSÉ DO RIO CLARO - MT,9,186
SÃO JOSÉ DO RIO CLARO - MT,10,33
SÃO JOSÉ DO RIO CLARO - MT,11,38
SÃO JOSÉ DO RIO CLARO - MT,12,39
SÃO JOSÉ DO XINGU - MT,1,29
SÃO JOSÉ DO XINGU - MT,2,59
SÃO JOSÉ DO XINGU - MT,3,79
SÃO JOSÉ DO XINGU - MT,4,55
SÃO JOSÉ DO XINGU - MT,5,128
SÃO JOSÉ DO XINGU - MT,6,103
SÃO JOSÉ DO XINGU - MT,7,51
SÃO JOSÉ DO XINGU - MT,8,232
SÃO JOSÉ DO XINGU - MT,9,377
SÃO JOSÉ DO XINGU - MT,10,54
SÃO JOSÉ DO XINGU - MT,11,33
SÃO JOSÉ DO XINGU - MT,12,38
SÃO JOSÉ DOS BASÍLIOS - MA,8,3
SÃO JOSÉ DOS BASÍLIOS - MA,9,19
SÃO JOSÉ DOS BASÍLIOS - MA,10,46
SÃO JOSÉ DOS BASÍLIOS - MA,11,18
SÃO JOSÉ DOS BASÍLIOS - MA,12,10
SÃO JOSÉ DOS QUATRO MARCOS - MT,1,3
SÃO JOSÉ DOS QUATRO MARCOS - MT,2,2
SÃO JOSÉ DOS QUATRO MARCOS - MT,3,3
SÃO JOSÉ DOS QUATRO MARCOS - MT,4,1
SÃO JOSÉ DOS QUATRO MARCOS - MT,5,2
SÃO JOSÉ DOS QUATRO MARCOS - MT,8,10
SÃO JOSÉ DOS QUATRO MARCOS - MT,9,6
SÃO JOSÉ DOS QUATRO MARCOS - MT,10,2
SÃO JOSÉ DOS QUATRO MARCOS - MT,11,2
SÃO JOSÉ DOS QUATRO MARCOS - MT,12,4
SÃO JOÃO BATISTA - MA,8,9
SÃO JOÃO BATISTA - MA,9,7
SÃO JOÃO BATISTA - MA,10,49
SÃO JOÃO BATISTA - MA,11,57
SÃO JOÃO BATISTA - MA,12,16
SÃO JOÃO DA BALIZA - RR,1,93
SÃO JOÃO DA BALIZA - RR,2,56
SÃO JOÃO DA BALIZA - RR,3,79
SÃO JOÃO DA BALIZA - RR,4,15
SÃO JOÃO DA BALIZA - RR,8,7
SÃO JOÃO DA BALIZA - RR,9,37
SÃO JOÃO DA BALIZA - RR,10,44
SÃO JOÃO DA BALIZA - RR,11,61
SÃO JOÃO DA BALIZA - RR,12,41
SÃO JOÃO DA PONTA - PA,8,5
SÃO JOÃO DA PONTA - PA,9,5
SÃO JOÃO DA PONTA - PA,10,4
SÃO JOÃO DA PONTA - PA,11,20
SÃO JOÃO DA PONTA - PA,12,18
SÃO JOÃO DE PIRABAS - PA,1,9
SÃO JOÃO DE PIRABAS - PA,4,1
SÃO JOÃO DE PIRABAS - PA,7,2
SÃO JOÃO DE PIRABAS - PA,8,8
SÃO JOÃO DE PIRABAS - PA,9,10
SÃO JOÃO DE PIRABAS - PA,10,23
SÃO JOÃO DE PIRABAS - PA,11,84
SÃO JOÃO DE PIRABAS - PA,12,35
SÃO JOÃO DO ARAGUAIA - PA,1,2
SÃO JOÃO DO ARAGUAIA - PA,2,5
SÃO JOÃO DO ARAGUAIA - PA,3,2
SÃO JOÃO DO ARAGUAIA - PA,4,3
SÃO JOÃO DO ARAGUAIA - PA,5,1
SÃO JOÃO DO ARAGUAIA - PA,6,4
SÃO JOÃO DO ARAGUAIA - PA,7,8
SÃO JOÃO DO ARAGUAIA - PA,8,31
SÃO JOÃO DO ARAGUAIA - PA,9,71
SÃO JOÃO DO ARAGUAIA - PA,10,50
SÃO JOÃO DO ARAGUAIA - PA,11,48
SÃO JOÃO DO ARAGUAIA - PA,12,9
SÃO JOÃO DO CARÚ - MA,6,1
SÃO JOÃO DO CARÚ - MA,7,1
SÃO JOÃO DO CARÚ - MA,8,4
SÃO JOÃO DO CARÚ - MA,9,9
SÃO JOÃO DO CARÚ - MA,10,79
SÃO JOÃO DO CARÚ - MA,11,117
SÃO JOÃO DO CARÚ - MA,12,32
SÃO JOÃO DO PARAÍSO - MA,1,14
SÃO JOÃO DO PARAÍSO - MA,2,9
SÃO JOÃO DO PARAÍSO - MA,3,1
SÃO JOÃO DO PARAÍSO - MA,4,1
SÃO JOÃO DO PARAÍSO - MA,5,5
SÃO JOÃO DO PARAÍSO - MA,6,34
SÃO JOÃO DO PARAÍSO - MA,7,27
SÃO JOÃO DO PARAÍSO - MA,8,39
SÃO JOÃO DO PARAÍSO - MA,9,73
SÃO JOÃO DO PARAÍSO - MA,10,100
SÃO JOÃO DO PARAÍSO - MA,11,99
SÃO JOÃO DO PARAÍSO - MA,12,28
SÃO JOÃO DO SOTER - MA,12,1
SÃO LUIZ - RR,1,64
SÃO LUIZ - RR,2,50
SÃO LUIZ - RR,3,70
SÃO LUIZ - RR,4,13
SÃO LUIZ - RR,6,1
SÃO LUIZ - RR,8,10
SÃO LUIZ - RR,9,16
SÃO LUIZ - RR,10,22
SÃO LUIZ - RR,11,29
SÃO LUIZ - RR,12,16
SÃO LUÍS - MA,1,1
SÃO LUÍS - MA,3,1
SÃO LUÍS - MA,5,1
SÃO LUÍS - MA,6,1
SÃO LUÍS - MA,7,5
SÃO LUÍS - MA,8,3
SÃO LUÍS - MA,9,6
SÃO LUÍS - MA,10,7
SÃO LUÍS - MA,11,9
SÃO LUÍS - MA,12,10
SÃO LUÍS GONZAGA DO MARANHÃO - MA,1,7
SÃO LUÍS GONZAGA DO MARANHÃO - MA,7,1
SÃO LUÍS GONZAGA DO MARANHÃO - MA,8,2
SÃO LUÍS GONZAGA DO MARANHÃO - MA,9,15
SÃO LUÍS GONZAGA DO MARANHÃO - MA,10,106
SÃO LUÍS GONZAGA DO MARANHÃO - MA,11,95
SÃO LUÍS GONZAGA DO MARANHÃO - MA,12,56
SÃO MATEUS DO MARANHÃO - MA,1,1
SÃO MATEUS DO MARANHÃO - MA,6,3
SÃO MATEUS DO MARANHÃO - MA,8,23
SÃO MATEUS DO MARANHÃO - MA,9,60
SÃO MATEUS DO MARANHÃO - MA,10,81
SÃO MATEUS DO MARANHÃO - MA,11,47
SÃO MATEUS DO MARANHÃO - MA,12,31
SÃO MIGUEL DO GUAMÁ - PA,1,4
SÃO MIGUEL DO GUAMÁ - PA,5,3
SÃO MIGUEL DO GUAMÁ - PA,6,8
SÃO MIGUEL DO GUAMÁ - PA,7,37
SÃO MIGUEL DO GUAMÁ - PA,8,73
SÃO MIGUEL DO GUAMÁ - PA,9,51
SÃO MIGUEL DO GUAMÁ - PA,10,72
SÃO MIGUEL DO GUAMÁ - PA,11,111
SÃO MIGUEL DO GUAMÁ - PA,12,42
SÃO MIGUEL DO GUAPORÉ - RO,1,8
SÃO MIGUEL DO GUAPORÉ - RO,2,9
SÃO MIGUEL DO GUAPORÉ - RO,3,18
SÃO MIGUEL DO GUAPORÉ - RO,4,10
SÃO MIGUEL DO GUAPORÉ - RO,5,46
SÃO MIGUEL DO GUAPORÉ - RO,6,36
SÃO MIGUEL DO GUAPORÉ - RO,7,71
SÃO MIGUEL DO GUAPORÉ - RO,8,182
SÃO MIGUEL DO GUAPORÉ - RO,9,172
SÃO MIGUEL DO GUAPORÉ - RO,10,118
SÃO MIGUEL DO GUAPORÉ - RO,11,63
SÃO MIGUEL DO GUAPORÉ - RO,12,12
SÃO MIGUEL DO TOCANTINS - TO,3,3
SÃO MIGUEL DO TOCANTINS - TO,7,6
SÃO MIGUEL DO TOCANTINS - TO,8,21
SÃO MIGUEL DO TOCANTINS - TO,9,16
SÃO MIGUEL DO TOCANTINS - TO,10,5
SÃO MIGUEL DO TOCANTINS - TO,11,7
SÃO MIGUEL DO TOCANTINS - TO,12,5
SÃO PAULO DE OLIVENÇA - AM,1,4
SÃO PAULO DE OLIVENÇA - AM,4,1
SÃO PAULO DE OLIVENÇA - AM,5,2
SÃO PAULO DE OLIVENÇA - AM,6,3
SÃO PAULO DE OLIVENÇA - AM,7,3
SÃO PAULO DE OLIVENÇA - AM,8,32
SÃO PAULO DE OLIVENÇA - AM,9,63
SÃO PAULO DE OLIVENÇA - AM,10,45
SÃO PAULO DE OLIVENÇA - AM,11,10
SÃO PAULO DE OLIVENÇA - AM,12,3
SÃO PEDRO DA CIPA - MT,2,2
SÃO PEDRO DA CIPA - MT,4,2
SÃO PEDRO DA CIPA - MT,5,2
SÃO PEDRO DA CIPA - MT,7,4
SÃO PEDRO DA CIPA - MT,8,7
SÃO PEDRO DA CIPA - MT,9,42
SÃO PEDRO DA CIPA - MT,10,18
SÃO PEDRO DA ÁGUA BRANCA - MA,1,2
SÃO PEDRO DA ÁGUA BRANCA - MA,2,1
SÃO PEDRO DA ÁGUA BRANCA - MA,5,2
SÃO PEDRO DA ÁGUA BRANCA - MA,6,5
SÃO PEDRO DA ÁGUA BRANCA - MA,7,10
SÃO PEDRO DA ÁGUA BRANCA - MA,8,43
SÃO PEDRO DA ÁGUA BRANCA - MA,9,55
SÃO PEDRO DA ÁGUA BRANCA - MA,10,25
SÃO PEDRO DA ÁGUA BRANCA - MA,11,11
SÃO PEDRO DA ÁGUA BRANCA - MA,12,6
SÃO PEDRO DOS CRENTES - MA,1,1
SÃO PEDRO DOS CRENTES - MA,3,2
SÃO PEDRO DOS CRENTES - MA,5,1
SÃO PEDRO DOS CRENTES - MA,6,7
SÃO PEDRO DOS CRENTES - MA,7,20
SÃO PEDRO DOS CRENTES - MA,8,11
SÃO PEDRO DOS CRENTES - MA,9,78
SÃO PEDRO DOS CRENTES - MA,10,31
SÃO PEDRO DOS CRENTES - MA,11,27
SÃO PEDRO DOS CRENTES - MA,12,4
SÃO RAIMUNDO DAS MANGABEIRAS - MA,1,6
SÃO RAIMUNDO DAS MANGABEIRAS - MA,2,3
SÃO RAIMUNDO DAS MANGABEIRAS - MA,3,13
SÃO RAIMUNDO DAS MANGABEIRAS - MA,4,19
SÃO RAIMUNDO DAS MANGABEIRAS - MA,5,55
SÃO RAIMUNDO DAS MANGABEIRAS - MA,6,112
SÃO RAIMUNDO DAS MANGABEIRAS - MA,7,166
SÃO RAIMUNDO DAS MANGABEIRAS - MA,8,248
SÃO RAIMUNDO DAS MANGABEIRAS - MA,9,434
SÃO RAIMUNDO DAS MANGABEIRAS - MA,10,243
SÃO RAIMUNDO DAS MANGABEIRAS - MA,11,42
SÃO RAIMUNDO DAS MANGABEIRAS - MA,12,23
SÃO RAIMUNDO DO DOCA BEZERRA - MA,6,6
SÃO RAIMUNDO DO DOCA BEZERRA - MA,7,12
SÃO RAIMUNDO DO DOCA BEZERRA - MA,8,10
SÃO RAIMUNDO DO DOCA BEZERRA - MA,9,27
SÃO RAIMUNDO DO DOCA BEZERRA - MA,10,102
SÃO RAIMUNDO DO DOCA BEZERRA - MA,11,45
SÃO RAIMUNDO DO DOCA BEZERRA - MA,12,21
SÃO ROBERTO - MA,7,2
SÃO ROBERTO - MA,8,4
SÃO ROBERTO - MA,9,20
SÃO ROBERTO - MA,10,37
SÃO ROBERTO - MA,11,27
SÃO ROBERTO - MA,12,10
SÃO SALVADOR DO TOCANTINS - TO,1,10
SÃO SALVADOR DO TOCANTINS - TO,4,3
SÃO SALVADOR DO TOCANTINS - TO,5,6
SÃO SALVADOR DO TOCANTINS - TO,6,9
SÃO SALVADOR DO TOCANTINS - TO,7,10
SÃO SALVADOR DO TOCANTINS - TO,8,31
SÃO SALVADOR DO TOCANTINS - TO,9,137
SÃO SALVADOR DO TOCANTINS - TO,10,25
SÃO SALVADOR DO TOCANTINS - TO,11,14
SÃO SALVADOR DO TOCANTINS - TO,12,6
SÃO SEBASTIÃO DA BOA VISTA - PA,6,3
SÃO SEBASTIÃO DA BOA VISTA - PA,7,5
SÃO SEBASTIÃO DA BOA VISTA - PA,8,7
SÃO SEBASTIÃO DA BOA VISTA - PA,9,15
SÃO SEBASTIÃO DA BOA VISTA - PA,10,37
SÃO SEBASTIÃO DA BOA VISTA - PA,11,14
SÃO SEBASTIÃO DO TOCANTINS - TO,7,1
SÃO SEBASTIÃO DO TOCANTINS - TO,8,20
SÃO SEBASTIÃO DO TOCANTINS - TO,9,42
SÃO SEBASTIÃO DO TOCANTINS - TO,10,31
SÃO SEBASTIÃO DO TOCANTINS - TO,11,15
SÃO SEBASTIÃO DO UATUMÃ - AM,1,1
SÃO SEBASTIÃO DO UATUMÃ - AM,2,1
SÃO SEBASTIÃO DO UATUMÃ - AM,3,1
SÃO SEBASTIÃO DO UATUMÃ - AM,6,1
SÃO SEBASTIÃO DO UATUMÃ - AM,7,6
SÃO SEBASTIÃO DO UATUMÃ - AM,8,21
SÃO SEBASTIÃO DO UATUMÃ - AM,9,80
SÃO SEBASTIÃO DO UATUMÃ - AM,10,81
SÃO SEBASTIÃO DO UATUMÃ - AM,11,24
SÃO SEBASTIÃO DO UATUMÃ - AM,12,14
SÃO VALÉRIO - TO,1,7
SÃO VALÉRIO - TO,2,5
SÃO VALÉRIO - TO,3,8
SÃO VALÉRIO - TO,4,25
SÃO VALÉRIO - TO,5,37
SÃO VALÉRIO - TO,6,41
SÃO VALÉRIO - TO,7,48
SÃO VALÉRIO - TO,8,66
SÃO VALÉRIO - TO,9,190
SÃO VALÉRIO - TO,10,83
SÃO VALÉRIO - TO,11,28
SÃO VALÉRIO - TO,12,9
SÃO VICENTE FERRER - MA,1,2
SÃO VICENTE FERRER - MA,5,1
SÃO VICENTE FERRER - MA,6,1
SÃO VICENTE FERRER - MA,7,9
SÃO VICENTE FERRER - MA,8,21
SÃO VICENTE FERRER - MA,9,11
SÃO VICENTE FERRER - MA,10,41
SÃO VICENTE FERRER - MA,11,68
SÃO VICENTE FERRER - MA,12,33
SÍTIO NOVO - MA,1,17
SÍTIO NOVO - MA,2,3
SÍTIO NOVO - MA,3,4
SÍTIO NOVO - MA,4,5
SÍTIO NOVO - MA,5,12
SÍTIO NOVO - MA,6,23
SÍTIO NOVO - MA,7,57
SÍTIO NOVO - MA,8,89
SÍTIO NOVO - MA,9,159
SÍTIO NOVO - MA,10,211
SÍTIO NOVO - MA,11,106
SÍTIO NOVO - MA,12,45
SÍTIO NOVO DO TOCANTINS - TO,8,5
SÍTIO NOVO DO TOCANTINS - TO,10,11
SÍTIO NOVO DO TOCANTINS - TO,11,13
SÍTIO NOVO DO TOCANTINS - TO,12,5
TABAPORÃ - MT,1,31
TABAPORÃ - MT,2,55
TABAPORÃ - MT,3,28
TABAPORÃ - MT,4,34
TABAPORÃ - MT,5,244
TABAPORÃ - MT,6,257
TABAPORÃ - MT,7,79
TABAPORÃ - MT,8,43
TABAPORÃ - MT,9,151
TABAPORÃ - MT,10,67
TABAPORÃ - MT,11,84
TABAPORÃ - MT,12,43
TABATINGA - AM,1,3
TABATINGA - AM,4,4
TABATINGA - AM,6,6
TABATINGA - AM,7,10
TABATINGA - AM,8,39
TABATINGA - AM,9,39
TABATINGA - AM,10,32
TABATINGA - AM,11,22
TABATINGA - AM,12,1
TAGUATINGA - TO,1,5
TAGUATINGA - TO,2,3
TAGUATINGA - TO,3,6
TAGUATINGA - TO,4,5
TAGUATINGA - TO,5,13
TAGUATINGA - TO,6,25
TAGUATINGA - TO,7,28
TAGUATINGA - TO,8,44
TAGUATINGA - TO,9,112
TAGUATINGA - TO,10,112
TAGUATINGA - TO,11,8
TAGUATINGA - TO,12,7
TAILÂNDIA - PA,1,38
TAILÂNDIA - PA,2,15
TAILÂNDIA - PA,3,2
TAILÂNDIA - PA,4,2
TAILÂNDIA - PA,5,24
TAILÂNDIA - PA,6,86
TAILÂNDIA - PA,7,218
TAILÂNDIA - PA,8,260
TAILÂNDIA - PA,9,331
TAILÂNDIA - PA,10,343
TAILÂNDIA - PA,11,379
TAILÂNDIA - PA,12,126
TAIPAS DO TOCANTINS - TO,1,4
TAIPAS DO TOCANTINS - TO,2,4
TAIPAS DO TOCANTINS - TO,3,4
TAIPAS DO TOCANTINS - TO,5,11
TAIPAS DO TOCANTINS - TO,6,21
TAIPAS DO TOCANTINS - TO,7,24
TAIPAS DO TOCANTINS - TO,8,52
TAIPAS DO TOCANTINS - TO,9,75
TAIPAS DO TOCANTINS - TO,10,82
TAIPAS DO TOCANTINS - TO,11,10
TAIPAS DO TOCANTINS - TO,12,4
TALISMÃ - TO,1,2
TALISMÃ - TO,4,3
TALISMÃ - TO,5,15
TALISMÃ - TO,6,6
TALISMÃ - TO,7,11
TALISMÃ - TO,8,8
TALISMÃ - TO,9,19
TALISMÃ - TO,10,16
TALISMÃ - TO,11,9
TALISMÃ - TO,12,3
TANGARÁ DA SERRA - MT,1,14
TANGARÁ DA SERRA - MT,2,40
TANGARÁ DA SERRA - MT,3,33
TANGARÁ DA SERRA - MT,4,71
TANGARÁ DA SERRA - MT,5,613
TANGARÁ DA SERRA - MT,6,564
TANGARÁ DA SERRA - MT,7,497
TANGARÁ DA SERRA - MT,8,445
TANGARÁ DA SERRA - MT,9,411
TANGARÁ DA SERRA - MT,10,22
TANGARÁ DA SERRA - MT,11,75
TANGARÁ DA SERRA - MT,12,11
TAPAUÁ - AM,2,2
TAPAUÁ - AM,6,16
TAPAUÁ - AM,7,219
TAPAUÁ - AM,8,836
TAPAUÁ - AM,9,461
TAPAUÁ - AM,10,156
TAPAUÁ - AM,11,30
TAPAUÁ - AM,12,2
TAPURAH - MT,1,41
TAPURAH - MT,2,25
TAPURAH - MT,3,78
TAPURAH - MT,4,26
TAPURAH - MT,5,71
TAPURAH - MT,6,57
TAPURAH - MT,7,26
TAPURAH - MT,8,24
TAPURAH - MT,9,26
TAPURAH - MT,10,10
TAPURAH - MT,11,22
TAPURAH - MT,12,29
TARAUACÁ - AC,1,12
TARAUACÁ - AC,3,2
TARAUACÁ - AC,5,6
TARAUACÁ - AC,6,38
TARAUACÁ - AC,7,286
TARAUACÁ - AC,8,2496
TARAUACÁ - AC,9,2678
TARAUACÁ - AC,10,456
TARAUACÁ - AC,11,115
TARAUACÁ - AC,12,3
TARTARUGALZINHO - AP,1,2
TARTARUGALZINHO - AP,2,1
TARTARUGALZINHO - AP,5,1
TARTARUGALZINHO - AP,6,4
TARTARUGALZINHO - AP,7,12
TARTARUGALZINHO - AP,8,37
TARTARUGALZINHO - AP,9,208
TARTARUGALZINHO - AP,10,421
TARTARUGALZINHO - AP,11,172
TARTARUGALZINHO - AP,12,13
TASSO FRAGOSO - MA,1,12
TASSO FRAGOSO - MA,2,16
TASSO FRAGOSO - MA,3,16
TASSO FRAGOSO - MA,4,27
TASSO FRAGOSO - MA,5,58
TASSO FRAGOSO - MA,6,73
TASSO FRAGOSO - MA,7,71
TASSO FRAGOSO - MA,8,80
TASSO FRAGOSO - MA,9,304
TASSO FRAGOSO - MA,10,228
TASSO FRAGOSO - MA,11,75
TASSO FRAGOSO - MA,12,24
TEFÉ - AM,1,14
TEFÉ - AM,2,3
TEFÉ - AM,3,10
TEFÉ - AM,4,8
TEFÉ - AM,5,6
TEFÉ - AM,6,20
TEFÉ - AM,7,160
TEFÉ - AM,8,474
TEFÉ - AM,9,582
TEFÉ - AM,10,307
TEFÉ - AM,11,79
TEFÉ - AM,12,23
TEIXEIRÓPOLIS - RO,8,3
TEIXEIRÓPOLIS - RO,9,8
TEIXEIRÓPOLIS - RO,10,1
TEIXEIRÓPOLIS - RO,11,1
TERRA ALTA - PA,1,1
TERRA ALTA - PA,7,2
TERRA ALTA - PA,8,1
TERRA ALTA - PA,9,4
TERRA ALTA - PA,10,8
TERRA ALTA - PA,11,8
TERRA ALTA - PA,12,10
TERRA NOVA DO NORTE - MT,1,1
TERRA NOVA DO NORTE - MT,2,9
TERRA NOVA DO NORTE - MT,3,16
TERRA NOVA DO NORTE - MT,4,5
TERRA NOVA DO NORTE - MT,5,8
TERRA NOVA DO NORTE - MT,6,1
TERRA NOVA DO NORTE - MT,7,22
TERRA NOVA DO NORTE - MT,8,79
TERRA NOVA DO NORTE - MT,9,41
TERRA NOVA DO NORTE - MT,10,22
TERRA NOVA DO NORTE - MT,11,12
TERRA NOVA DO NORTE - MT,12,4
TERRA SANTA - PA,1,5
TERRA SANTA - PA,2,4
TERRA SANTA - PA,4,2
TERRA SANTA - PA,6,5
TERRA SANTA - PA,7,12
TERRA SANTA - PA,8,14
TERRA SANTA - PA,9,67
TERRA SANTA - PA,10,137
TERRA SANTA - PA,11,77
TERRA SANTA - PA,12,27
TESOURO - MT,1,7
TESOURO - MT,2,17
TESOURO - MT,3,15
TESOURO - MT,4,11
TESOURO - MT,5,7
TESOURO - MT,6,5
TESOURO - MT,7,16
TESOURO - MT,8,50
TESOURO - MT,9,183
TESOURO - MT,10,35
TESOURO - MT,11,11
TESOURO - MT,12,13
THEOBROMA - RO,1,1
THEOBROMA - RO,2,1
THEOBROMA - RO,3,1
THEOBROMA - RO,5,5
THEOBROMA - RO,6,2
THEOBROMA - RO,7,29
THEOBROMA - RO,8,44
THEOBROMA - RO,9,56
THEOBROMA - RO,10,30
THEOBROMA - RO,11,44
THEOBROMA - RO,12,7
TIMBIRAS - MA,8,1
TIMBIRAS - MA,10,17
TIMBIRAS - MA,11,15
TIMBIRAS - MA,12,5
TOCANTINÓPOLIS - TO,5,3
TOCANTINÓPOLIS - TO,6,36
TOCANTINÓPOLIS - TO,7,94
TOCANTINÓPOLIS - TO,8,156
TOCANTINÓPOLIS - TO,9,130
TOCANTINÓPOLIS - TO,10,15
TOCANTINÓPOLIS - TO,11,4
TOCANTINÓPOLIS - TO,12,8
TOCANTÍNIA - TO,1,1
TOCANTÍNIA - TO,2,4
TOCANTÍNIA - TO,3,5
TOCANTÍNIA - TO,4,7
TOCANTÍNIA - TO,5,180
TOCANTÍNIA - TO,6,391
TOCANTÍNIA - TO,7,195
TOCANTÍNIA - TO,8,346
TOCANTÍNIA - TO,9,460
TOCANTÍNIA - TO,10,79
TOCANTÍNIA - TO,11,20
TOCANTÍNIA - TO,12,2
TOMÉ-AÇU - PA,1,32
TOMÉ-AÇU - PA,2,8
TOMÉ-AÇU - PA,3,1
TOMÉ-AÇU - PA,5,1
TOMÉ-AÇU - PA,6,52
TOMÉ-AÇU - PA,7,111
TOMÉ-AÇU - PA,8,202
TOMÉ-AÇU - PA,9,227
TOMÉ-AÇU - PA,10,437
TOMÉ-AÇU - PA,11,421
TOMÉ-AÇU - PA,12,200
TONANTINS - AM,2,2
TONANTINS - AM,3,3
TONANTINS - AM,6,1
TONANTINS - AM,7,2
TONANTINS - AM,8,22
TONANTINS - AM,9,44
TONANTINS - AM,10,40
TONANTINS - AM,11,8
TONANTINS - AM,12,2
TORIXORÉU - MT,1,4
TORIXORÉU - MT,2,6
TORIXORÉU - MT,3,9
TORIXORÉU - MT,4,7
TORIXORÉU - MT,5,38
TORIXORÉU - MT,6,14
TORIXORÉU - MT,7,6
TORIXORÉU - MT,8,34
TORIXORÉU - MT,9,34
TORIXORÉU - MT,10,27
TORIXORÉU - MT,11,7
TORIXORÉU - MT,12,4
TRACUATEUA - PA,1,6
TRACUATEUA - PA,7,4
TRACUATEUA - PA,8,21
TRACUATEUA - PA,9,32
TRACUATEUA - PA,10,20
TRACUATEUA - PA,11,56
TRACUATEUA - PA,12,39
TRAIRÃO - PA,1,2
TRAIRÃO - PA,2,2
TRAIRÃO - PA,3,1
TRAIRÃO - PA,5,1
TRAIRÃO - PA,6,10
TRAIRÃO - PA,7,302
TRAIRÃO - PA,8,1378
TRAIRÃO - PA,9,1107
TRAIRÃO - PA,10,339
TRAIRÃO - PA,11,100
TRAIRÃO - PA,12,19
TRIZIDELA DO VALE - MA,1,2
TRIZIDELA DO VALE - MA,2,4
TRIZIDELA DO VALE - MA,7,1
TRIZIDELA DO VALE - MA,9,5
TRIZIDELA DO VALE - MA,10,7
TRIZIDELA DO VALE - MA,11,24
TRIZIDELA DO VALE - MA,12,8
TUCUMÃ - PA,5,1
TUCUMÃ - PA,6,6
TUCUMÃ - PA,7,20
TUCUMÃ - PA,8,86
TUCUMÃ - PA,9,159
TUCUMÃ - PA,10,102
TUCUMÃ - PA,11,18
TUCUMÃ - PA,12,9
TUCURUÍ - PA,1,2
TUCURUÍ - PA,7,10
TUCURUÍ - PA,8,13
TUCURUÍ - PA,9,55
TUCURUÍ - PA,10,179
TUCURUÍ - PA,11,162
TUCURUÍ - PA,12,34
TUFILÂNDIA - MA,8,1
TUFILÂNDIA - MA,9,6
TUFILÂNDIA - MA,10,16
TUFILÂNDIA - MA,11,21
TUFILÂNDIA - MA,12,15
TUNTUM - MA,1,17
TUNTUM - MA,2,4
TUNTUM - MA,3,4
TUNTUM - MA,4,8
TUNTUM - MA,5,4
TUNTUM - MA,6,56
TUNTUM - MA,7,96
TUNTUM - MA,8,125
TUNTUM - MA,9,201
TUNTUM - MA,10,195
TUNTUM - MA,11,118
TUNTUM - MA,12,44
TUPIRAMA - TO,1,4
TUPIRAMA - TO,3,3
TUPIRAMA - TO,4,6
TUPIRAMA - TO,5,3
TUPIRAMA - TO,6,10
TUPIRAMA - TO,7,12
TUPIRAMA - TO,8,11
TUPIRAMA - TO,9,6
TUPIRAMA - TO,10,17
TUPIRAMA - TO,11,1
TUPIRATINS - TO,1,1
TUPIRATINS - TO,3,3
TUPIRATINS - TO,4,9
TUPIRATINS - TO,5,9
TUPIRATINS - TO,6,13
TUPIRATINS - TO,7,13
TUPIRATINS - TO,8,22
TUPIRATINS - TO,9,75
TUPIRATINS - TO,10,50
TUPIRATINS - TO,11,8
TUPIRATINS - TO,12,5
TURIAÇU - MA,1,27
TURIAÇU - MA,2,2
TURIAÇU - MA,8,23
TURIAÇU - MA,9,49
TURIAÇU - MA,10,63
TURIAÇU - MA,11,412
TURIAÇU - MA,12,497
TURILÂNDIA - MA,1,19
TURILÂNDIA - MA,5,2
TURILÂNDIA - MA,7,4
TURILÂNDIA - MA,8,3
TURILÂNDIA - MA,9,16
TURILÂNDIA - MA,10,55
TURILÂNDIA - MA,11,175
TURILÂNDIA - MA,12,129
UARINI - AM,1,24
UARINI - AM,2,11
UARINI - AM,3,8
UARINI - AM,4,1
UARINI - AM,6,6
UARINI - AM,7,40
UARINI - AM,8,244
UARINI - AM,9,352
UARINI - AM,10,237
UARINI - AM,11,54
UARINI - AM,12,18
UIRAMUTÃ - RR,1,155
UIRAMUTÃ - RR,2,163
UIRAMUTÃ - RR,3,166
UIRAMUTÃ - RR,4,56
UIRAMUTÃ - RR,5,7
UIRAMUTÃ - RR,6,5
UIRAMUTÃ - RR,7,8
UIRAMUTÃ - RR,8,12
UIRAMUTÃ - RR,9,51
UIRAMUTÃ - RR,10,96
UIRAMUTÃ - RR,11,65
UIRAMUTÃ - RR,12,87
ULIANÓPOLIS - PA,1,78
ULIANÓPOLIS - PA,2,14
ULIANÓPOLIS - PA,3,6
ULIANÓPOLIS - PA,4,2
ULIANÓPOLIS - PA,5,28
ULIANÓPOLIS - PA,6,71
ULIANÓPOLIS - PA,7,121
ULIANÓPOLIS - PA,8,93
ULIANÓPOLIS - PA,9,118
ULIANÓPOLIS - PA,10,194
ULIANÓPOLIS - PA,11,236
ULIANÓPOLIS - PA,12,184
UNIÃO DO SUL - MT,1,38
UNIÃO DO SUL - MT,2,78
UNIÃO DO SUL - MT,3,94
UNIÃO DO SUL - MT,4,68
UNIÃO DO SUL - MT,5,311
UNIÃO DO SUL - MT,6,507
UNIÃO DO SUL - MT,7,215
UNIÃO DO SUL - MT,8,741
UNIÃO DO SUL - MT,9,817
UNIÃO DO SUL - MT,10,143
UNIÃO DO SUL - MT,11,110
UNIÃO DO SUL - MT,12,53
URUARÁ - PA,1,58
URUARÁ - PA,2,23
URUARÁ - PA,3,3
URUARÁ - PA,4,7
URUARÁ - PA,5,5
URUARÁ - PA,6,3
URUARÁ - PA,7,41
URUARÁ - PA,8,149
URUARÁ - PA,9,1014
URUARÁ - PA,10,1540
URUARÁ - PA,11,1051
URUARÁ - PA,12,434
URUCARÁ - AM,1,4
URUCARÁ - AM,2,1
URUCARÁ - AM,3,1
URUCARÁ - AM,4,1
URUCARÁ - AM,5,1
URUCARÁ - AM,6,9
URUCARÁ - AM,7,10
URUCARÁ - AM,8,17
URUCARÁ - AM,9,41
URUCARÁ - AM,10,69
URUCARÁ - AM,11,27
URUCARÁ - AM,12,12
URUCURITUBA - AM,1,6
URUCURITUBA - AM,3,1
URUCURITUBA - AM,4,1
URUCURITUBA - AM,6,1
URUCURITUBA - AM,7,7
URUCURITUBA - AM,8,26
URUCURITUBA - AM,9,109
URUCURITUBA - AM,10,100
URUCURITUBA - AM,11,53
URUCURITUBA - AM,12,5
URUPÁ - RO,1,1
URUPÁ - RO,7,1
URUPÁ - RO,8,24
URUPÁ - RO,9,10
URUPÁ - RO,10,6
URUPÁ - RO,11,1
URUPÁ - RO,12,1
VALE DE SÃO DOMINGOS - MT,5,3
VALE DE SÃO DOMINGOS - MT,6,2
VALE DE SÃO DOMINGOS - MT,7,21
VALE DE SÃO DOMINGOS - MT,8,81
VALE DE SÃO DOMINGOS - MT,9,269
VALE DE SÃO DOMINGOS - MT,10,12
VALE DE SÃO DOMINGOS - MT,11,5
VALE DO ANARI - RO,3,1
VALE DO ANARI - RO,5,6
VALE DO ANARI - RO,6,11
VALE DO ANARI - RO,7,20
VALE DO ANARI - RO,8,14
VALE DO ANARI - RO,9,64
VALE DO ANARI - RO,10,86
VALE DO ANARI - RO,11,51
VALE DO ANARI - RO,12,14
VALE DO PARAÍSO - RO,5,1
VALE DO PARAÍSO - RO,7,8
VALE DO PARAÍSO - RO,8,14
VALE DO PARAÍSO - RO,9,21
VALE DO PARAÍSO - RO,10,11
VALE DO PARAÍSO - RO,11,8
VALE DO PARAÍSO - RO,12,4
VARGEM GRANDE - MA,1,1
VARGEM GRANDE - MA,9,5
VARGEM GRANDE - MA,10,29
VARGEM GRANDE - MA,11,41
VARGEM GRANDE - MA,12,9
VERA - MT,1,48
VERA - MT,2,25
VERA - MT,3,39
VERA - MT,4,29
VERA - MT,5,41
VERA - MT,6,33
VERA - MT,7,5
VERA - MT,8,50
VERA - MT,9,42
VERA - MT,10,32
VERA - MT,11,15
VERA - MT,12,8
VIANA - MA,1,1
VIANA - MA,5,4
VIANA - MA,6,17
VIANA - MA,7,40
VIANA - MA,8,19
VIANA - MA,9,11
VIANA - MA,10,33
VIANA - MA,11,115
VIANA - MA,12,41
VIGIA - PA,7,2
VIGIA - PA,8,3
VIGIA - PA,9,10
VIGIA - PA,10,9
VIGIA - PA,11,20
VIGIA - PA,12,6
VILA BELA DA SANTÍSSIMA TRINDADE - MT,1,50
VILA BELA DA SANTÍSSIMA TRINDADE - MT,2,40
VILA BELA DA SANTÍSSIMA TRINDADE - MT,3,48
VILA BELA DA SANTÍSSIMA TRINDADE - MT,4,62
VILA BELA DA SANTÍSSIMA TRINDADE - MT,5,62
VILA BELA DA SANTÍSSIMA TRINDADE - MT,6,93
VILA BELA DA SANTÍSSIMA TRINDADE - MT,7,126
VILA BELA DA SANTÍSSIMA TRINDADE - MT,8,264
VILA BELA DA SANTÍSSIMA TRINDADE - MT,9,430
VILA BELA DA SANTÍSSIMA TRINDADE - MT,10,307
VILA BELA DA SANTÍSSIMA TRINDADE - MT,11,175
VILA BELA DA SANTÍSSIMA TRINDADE - MT,12,75
VILA NOVA DOS MARTÍRIOS - MA,1,5
VILA NOVA DOS MARTÍRIOS - MA,2,1
VILA NOVA DOS MARTÍRIOS - MA,4,2
VILA NOVA DOS MARTÍRIOS - MA,5,3
VILA NOVA DOS MARTÍRIOS - MA,6,6
VILA NOVA DOS MARTÍRIOS - MA,7,14
VILA NOVA DOS MARTÍRIOS - MA,8,9
VILA NOVA DOS MARTÍRIOS - MA,9,41
VILA NOVA DOS MARTÍRIOS - MA,10,47
VILA NOVA DOS MARTÍRIOS - MA,11,46
VILA NOVA DOS MARTÍRIOS - MA,12,20
VILA RICA - MT,1,9
VILA RICA - MT,2,29
VILA RICA - MT,3,17
VILA RICA - MT,4,11
VILA RICA - MT,5,96
VILA RICA - MT,6,127
VILA RICA - MT,7,61
VILA RICA - MT,8,102
VILA RICA - MT,9,600
VILA RICA - MT,10,104
VILA RICA - MT,11,39
VILA RICA - MT,12,18
VILHENA - RO,1,18
VILHENA - RO,2,17
VILHENA - RO,3,12
VILHENA - RO,4,15
VILHENA - RO,5,23
VILHENA - RO,6,34
VILHENA - RO,7,78
VILHENA - RO,8,392
VILHENA - RO,9,537
VILHENA - RO,10,102
VILHENA - RO,11,69
VILHENA - RO,12,8
VISEU - PA,1,26
VISEU - PA,2,1
VISEU - PA,4,1
VISEU - PA,6,4
VISEU - PA,7,15
VISEU - PA,8,59
VISEU - PA,9,126
VISEU - PA,10,112
VISEU - PA,11,313
VISEU - PA,12,233
VITORINO FREIRE - MA,1,10
VITORINO FREIRE - MA,2,1
VITORINO FREIRE - MA,6,2
VITORINO FREIRE - MA,7,8
VITORINO FREIRE - MA,8,5
VITORINO FREIRE - MA,9,20
VITORINO FREIRE - MA,10,53
VITORINO FREIRE - MA,11,68
VITORINO FREIRE - MA,12,51
VITÓRIA DO JARI - AP,8,5
VITÓRIA DO JARI - AP,9,12
VITÓRIA DO JARI - AP,10,111
VITÓRIA DO JARI - AP,11,189
VITÓRIA DO JARI - AP,12,44
VITÓRIA DO MEARIM - MA,1,1
VITÓRIA DO MEARIM - MA,6,28
VITÓRIA DO MEARIM - MA,7,26
VITÓRIA DO MEARIM - MA,8,16
VITÓRIA DO MEARIM - MA,9,19
VITÓRIA DO MEARIM - MA,10,52
VITÓRIA DO MEARIM - MA,11,109
VITÓRIA DO MEARIM - MA,12,60
VITÓRIA DO XINGU - PA,1,4
VITÓRIA DO XINGU - PA,2,1
VITÓRIA DO XINGU - PA,3,1
VITÓRIA DO XINGU - PA,4,3
VITÓRIA DO XINGU - PA,6,2
VITÓRIA DO XINGU - PA,7,7
VITÓRIA DO XINGU - PA,8,18
VITÓRIA DO XINGU - PA,9,43
VITÓRIA DO XINGU - PA,10,60
VITÓRIA DO XINGU - PA,11,43
VITÓRIA DO XINGU - PA,12,32
VÁRZEA GRANDE - MT,1,1
VÁRZEA GRANDE - MT,3,1
VÁRZEA GRANDE - MT,5,6
VÁRZEA GRANDE - MT,6,8
VÁRZEA GRANDE - MT,7,44
VÁRZEA GRANDE - MT,8,104
VÁRZEA GRANDE - MT,9,94
VÁRZEA GRANDE - MT,10,12
VÁRZEA GRANDE - MT,11,3
VÁRZEA GRANDE - MT,12,3
WANDERLÂNDIA - TO,1,3
WANDERLÂNDIA - TO,3,2
WANDERLÂNDIA - TO,4,4
WANDERLÂNDIA - TO,5,27
WANDERLÂNDIA - TO,6,32
WANDERLÂNDIA - TO,7,29
WANDERLÂNDIA - TO,8,42
WANDERLÂNDIA - TO,9,103
WANDERLÂNDIA - TO,10,24
WANDERLÂNDIA - TO,11,37
WANDERLÂNDIA - TO,12,8
XAMBIOÁ - TO,4,2
XAMBIOÁ - TO,6,2
XAMBIOÁ - TO,7,12
XAMBIOÁ - TO,8,34
XAMBIOÁ - TO,9,32
XAMBIOÁ - TO,10,11
XAMBIOÁ - TO,11,10
XAMBIOÁ - TO,12,4
XAPURI - AC,1,6
XAPURI - AC,5,17
XAPURI - AC,6,25
XAPURI - AC,7,72
XAPURI - AC,8,267
XAPURI - AC,9,1305
XAPURI - AC,10,1104
XAPURI - AC,11,175
XAPURI - AC,12,1
XINGUARA - PA,2,3
XINGUARA - PA,3,3
XINGUARA - PA,5,7
XINGUARA - PA,6,14
XINGUARA - PA,7,26
XINGUARA - PA,8,44
XINGUARA - PA,9,42
XINGUARA - PA,10,58
XINGUARA - PA,11,23
XINGUARA - PA,12,6
ZÉ DOCA - MA,1,2
ZÉ DOCA - MA,2,4
ZÉ DOCA - MA,5,2
ZÉ DOCA - MA,6,6
ZÉ DOCA - MA,7,7
ZÉ DOCA - MA,8,10
ZÉ DOCA - MA,9,22
ZÉ DOCA - MA,10,116
ZÉ DOCA - MA,11,233
ZÉ DOCA - MA,12,97
ÁGUA AZUL DO NORTE - PA,1,1
ÁGUA AZUL DO NORTE - PA,2,5
ÁGUA AZUL DO NORTE - PA,4,4
ÁGUA AZUL DO NORTE - PA,5,4
ÁGUA AZUL DO NORTE - PA,6,17
ÁGUA AZUL DO NORTE - PA,7,32
ÁGUA AZUL DO NORTE - PA,8,155
ÁGUA AZUL DO NORTE - PA,9,407
ÁGUA AZUL DO NORTE - PA,10,152
ÁGUA AZUL DO NORTE - PA,11,31
ÁGUA AZUL DO NORTE - PA,12,4
ÁGUA BOA - MT,1,21
ÁGUA BOA - MT,2,28
ÁGUA BOA - MT,3,34
ÁGUA BOA - MT,4,28
ÁGUA BOA - MT,5,86
ÁGUA BOA - MT,6,60
ÁGUA BOA - MT,7,18
ÁGUA BOA - MT,8,112
ÁGUA BOA - MT,9,148
ÁGUA BOA - MT,10,22
ÁGUA BOA - MT,11,18
ÁGUA BOA - MT,12,11
ÓBIDOS - PA,1,65
ÓBIDOS - PA,2,22
ÓBIDOS - PA,3,16
ÓBIDOS - PA,4,2
ÓBIDOS - PA,5,17
ÓBIDOS - PA,6,110
ÓBIDOS - PA,7,305
ÓBIDOS - PA,8,408
ÓBIDOS - PA,9,651
ÓBIDOS - PA,10,1119
ÓBIDOS - PA,11,748
ÓBIDOS - PA,12,433
